timestamp,cpu_user,cpu_system,rss,heapTotal,heapUsed,heapUsedMB,external
1756127982682,149.20,38.76,99237888,58867712,35550352,33.90,3090909
1756127982783,149.47,38.88,99270656,58867712,35558032,33.91,3090965
1756127982884,149.70,38.96,99287040,58867712,35567344,33.92,3090965
1756127982986,149.94,39.04,99303424,58867712,35570840,33.92,3090965
1756127983087,150.72,39.30,99368960,58867712,35582536,33.93,3090965
1756127983189,151.11,39.42,99368960,58867712,35585600,33.94,3090965
1756127983289,151.55,39.63,99401728,58867712,35588376,33.94,3090965
1756127983391,151.95,39.80,99401728,58867712,35591472,33.94,3090965
1756127983492,153.00,40.05,99434496,58867712,35608992,33.96,3090965
1756127983592,153.50,40.26,99450880,58867712,35613040,33.96,3090965
1756127983693,153.89,40.44,99467264,58867712,35616016,33.97,3090965
1756127983795,154.61,40.64,99483648,58867712,35627824,33.98,3090965
1756127983896,154.87,40.73,99483648,58867712,35630296,33.98,3090965
1756127983998,155.12,40.87,99483648,58867712,35632736,33.98,3090965
1756127984098,155.49,41.06,99483648,58867712,35635176,33.98,3090965
1756127984200,155.85,41.23,99483648,58867712,35637616,33.99,3090965
1756127984300,156.21,41.44,99500032,58867712,35640056,33.99,3090965
1756127984402,156.46,41.59,99500032,58867712,35642496,33.99,3090965
1756127984503,156.54,41.63,99500032,58867712,35644936,33.99,3090965
1756127984604,165.07,42.67,100417536,59129856,36484872,34.79,3092300
1756127984705,165.20,42.74,100417536,59129856,36487344,34.80,3092300
1756127984805,173.95,43.73,100958208,59129856,36979216,35.27,3093634
1756127984907,174.11,43.79,100958208,59129856,36981688,35.27,3093634
1756127985008,174.47,43.99,100958208,59129856,36984136,35.27,3093634
1756127985109,193.24,47.47,102760448,58245120,30828880,29.40,3103160
1756127985210,193.51,47.62,102760448,58245120,30831352,29.40,3103160
1756127985311,204.19,48.82,103514112,58245120,31302392,29.85,3100474
1756127985413,204.54,49.01,103514112,58245120,31304864,29.85,3100474
1756127985513,204.89,49.20,103530496,58245120,31307312,29.86,3100474
1756127985615,221.69,50.99,104349696,59031552,31931584,30.45,3101808
1756127985715,222.02,51.16,104349696,59031552,31934056,30.45,3101808
1756127985817,229.48,52.19,104808448,59031552,32366584,30.87,3103142
1756127985918,229.84,52.40,104808448,59031552,32369056,30.87,3103142
1756127986019,230.15,52.59,104808448,59031552,32371504,30.87,3103142
1756127986120,236.70,53.56,105349120,59031552,32795272,31.28,3112668
1756127986221,237.03,53.75,105349120,59031552,32797744,31.28,3112668
1756127986321,244.32,54.73,105725952,59031552,33216168,31.68,3114002
1756127986422,244.52,54.89,105725952,59031552,33218640,31.68,3114002
1756127986523,244.76,55.08,105742336,59031552,33221088,31.68,3114002
1756127986623,252.25,56.46,106184704,59031552,33642720,32.08,3115336
1756127986723,252.54,56.66,106184704,59031552,33645112,32.09,3115336
1756127986824,259.62,57.75,107298816,59031552,34075696,32.50,3116670
1756127986924,259.93,57.89,107298816,59031552,34078088,32.50,3116670
1756127987024,260.25,58.09,107298816,59031552,34080456,32.50,3116670
1756127987125,268.31,59.90,107708416,59031552,34507416,32.91,3126198
1756127987226,268.65,60.09,107708416,59031552,34509808,32.91,3126198
1756127987327,273.30,60.89,108068864,59031552,34914448,33.30,3127534
1756127987429,273.53,61.07,108068864,59031552,34916840,33.30,3127534
1756127987529,273.81,61.20,108068864,59031552,34919208,33.30,3127534
1756127987631,280.74,62.26,108756992,59031552,35347264,33.71,3128870
1756127987730,281.05,62.44,108773376,59031552,35349656,33.71,3128870
1756127987832,285.21,63.17,109182976,59031552,35750576,34.09,3130206
1756127987933,285.47,63.33,109182976,59031552,35752968,34.10,3130206
1756127988033,285.79,63.47,109182976,59031552,35755336,34.10,3130206
1756127988135,292.51,64.50,109559808,59031552,36164936,34.49,3139734
1756127988235,292.78,64.63,109559808,59031552,36167328,34.49,3139734
1756127988337,298.86,65.43,109936640,59031552,36571848,34.88,3141070
1756127988438,299.16,65.74,109953024,59031552,36574240,34.88,3141070
1756127988539,299.43,65.86,109953024,59031552,36576608,34.88,3141070
1756127988641,308.35,66.86,110395392,59031552,36984360,35.27,3142406
1756127988741,308.65,67.03,110411776,59031552,36986752,35.27,3142406
1756127988843,344.08,71.80,121028608,99663872,30609560,29.19,3099806
1756127988944,344.25,71.87,121028608,99663872,30612240,29.19,3099806
1756127989046,347.33,72.27,121028608,99663872,30816160,29.39,3100476
1756127989147,350.25,72.62,121044992,99663872,31021192,29.58,3109334
1756127989247,350.61,72.78,121044992,99663872,31023584,29.59,3109334
1756127989348,356.30,73.43,121044992,99663872,31423552,29.97,3110670
1756127989448,356.59,73.55,121044992,99663872,31425944,29.97,3110670
1756127989548,359.94,73.89,121044992,99663872,31631968,30.17,3111340
1756127989650,362.26,74.22,121044992,99663872,31841888,30.37,3112006
1756127989751,362.57,74.38,121044992,99663872,31844280,30.37,3112006
1756127989852,371.22,75.33,121126912,99663872,32279824,30.78,3113342
1756127989952,371.53,75.47,121126912,99663872,32281880,30.79,3113342
1756127990052,375.84,75.90,121159680,99926016,32487648,30.98,3114012
1756127990153,377.75,76.27,121159680,99926016,32682448,31.17,3122870
1756127990254,378.05,76.41,121159680,99926016,32684504,31.17,3122870
1756127990356,382.38,76.99,121159680,99926016,33073368,31.54,3124206
1756127990457,382.67,77.14,121159680,99926016,33075424,31.54,3124206
1756127990556,385.13,77.59,121176064,99926016,33271792,31.73,3124876
1756127990658,389.79,78.16,121356288,99926016,33492064,31.94,3125542
1756127990759,390.12,78.33,121356288,99926016,33494288,31.94,3125542
1756127990861,395.54,78.96,121356288,99926016,33885656,32.32,3126878
1756127990962,395.95,79.12,121356288,99926016,33887712,32.32,3126878
1756127991063,398.43,79.45,121356288,99926016,34083296,32.50,3127548
1756127991163,401.87,79.89,121356288,99926016,34281888,32.69,3136406
1756127991265,402.14,80.04,121356288,99926016,34283944,32.70,3136406
1756127991366,406.82,80.52,121356288,99926016,34675680,33.07,3137742
1756127991467,407.11,80.69,121356288,99926016,34677736,33.07,3137742
1756127991567,410.00,81.12,121372672,99926016,34873400,33.26,3138412
1756127991669,412.38,81.50,121372672,99926016,35067216,33.44,3139078
1756127991770,412.66,81.66,121372672,99926016,35069272,33.44,3139078
1756127991871,417.70,82.23,121372672,99926016,35456616,33.81,3140414
1756127991972,417.98,82.38,121372672,99926016,35458672,33.82,3140414
1756127992073,420.79,82.75,121389056,99926016,35654280,34.00,3141084
1756127992174,425.26,83.26,121405440,99926016,35856568,34.20,3149942
1756127992274,425.56,83.42,121405440,99926016,35858624,34.20,3149942
1756127992376,430.93,84.07,121405440,99926016,36250880,34.57,3151278
1756127992476,431.20,84.23,121405440,99926016,36252936,34.57,3151278
1756127992577,434.08,84.63,121421824,99926016,36448520,34.76,3151948
1756127992679,436.01,84.99,121421824,99926016,36642312,34.94,3152614
1756127992779,436.32,85.15,121421824,99926016,36644368,34.95,3152614
1756127992879,442.27,85.83,121421824,99926016,37035040,35.32,3153950
1756127992980,442.61,86.01,121421824,99926016,37037096,35.32,3153950
1756127993082,446.29,86.39,121421824,99926016,37234560,35.51,3154620
1756127993183,448.48,86.78,121438208,99926016,37428592,35.69,3163478
1756127993283,448.75,86.95,121438208,99926016,37430648,35.70,3163478
1756127993384,456.25,87.70,121438208,99926016,37832024,36.08,3164814
1756127993483,456.55,87.88,121438208,99926016,37834080,36.08,3164814
1756127993585,460.60,88.38,121438208,99926016,38041400,36.28,3165484
1756127993686,463.02,88.79,121470976,99926016,38237576,36.47,3166150
1756127993787,463.33,88.95,121470976,99926016,38239632,36.47,3166150
1756127993887,465.15,89.20,121470976,99926016,38627568,36.84,3167486
1756127993988,465.30,89.28,121470976,99926016,38629624,36.84,3167486
1756127994089,468.70,89.69,121470976,99926016,38828976,37.03,3168156
1756127994190,471.51,90.13,121470976,99926016,39028520,37.22,3177014
1756127994290,471.77,90.31,121470976,99926016,39030576,37.22,3177014
1756127994389,475.73,90.91,121470976,99926016,39417920,37.59,3178350
1756127994491,476.08,91.09,121470976,99926016,39419976,37.59,3178350
1756127994592,479.32,91.58,121470976,99926016,39616104,37.78,3179020
1756127994692,483.26,92.08,121536512,99926016,39826960,37.98,3179686
1756127994793,483.57,92.22,121536512,99926016,39829016,37.98,3179686
1756127994895,489.42,92.89,121536512,99926016,40221184,38.36,3181022
1756127994995,489.66,93.03,121536512,99926016,40223240,38.36,3181022
1756127995096,495.52,93.66,121569280,99926016,40667696,38.78,3190550
1756127995198,495.73,93.77,121569280,99926016,40669752,38.79,3190550
1756127995298,496.06,93.94,121569280,99926016,40671784,38.79,3190550
1756127995399,500.71,94.49,121569280,99926016,41058632,39.16,3191886
1756127995500,500.96,94.61,121569280,99926016,41060688,39.16,3191886
1756127995599,505.42,95.09,121569280,99926016,41452240,39.53,3193222
1756127995701,505.64,95.20,121569280,99926016,41454296,39.53,3193222
1756127995801,505.97,95.34,121569280,99926016,41456328,39.54,3193222
1756127995903,510.64,95.84,121569280,99926016,41843128,39.90,3194558
1756127996003,510.96,95.98,121569280,99926016,41845184,39.91,3194558
1756127996104,515.66,96.56,121569280,99926016,42232712,40.28,3204086
1756127996205,515.92,96.72,121569280,99926016,42234768,40.28,3204086
1756127996306,516.25,96.88,121569280,99926016,42236800,40.28,3204086
1756127996407,522.10,97.57,121569280,99926016,42633968,40.66,3205422
1756127996507,522.41,97.72,121569280,99926016,42636024,40.66,3205422
1756127996608,529.00,98.40,121569280,99926016,43033064,41.04,3206758
1756127996708,529.23,98.52,121569280,99926016,43035120,41.04,3206758
1756127996810,529.57,98.67,121569280,99926016,43037152,41.04,3206758
1756127996911,535.89,99.49,121585664,99926016,43432208,41.42,3208094
1756127997012,536.19,99.62,121585664,99926016,43434264,41.42,3208094
1756127997114,541.41,100.32,121585664,99926016,43827240,41.80,3217622
1756127997215,541.66,100.46,121585664,99926016,43829296,41.80,3217622
1756127997316,541.96,100.63,121585664,99926016,43831328,41.80,3217622
1756127997417,547.56,101.44,121585664,99926016,44226600,42.18,3218958
1756127997519,547.88,101.58,121585664,99926016,44228656,42.18,3218958
1756127997620,552.01,102.25,121733120,99926016,44618592,42.55,3220294
1756127997720,552.26,102.40,121733120,99926016,44620648,42.55,3220294
1756127997820,552.57,102.57,121749504,99926016,44622680,42.56,3220294
1756127997922,557.11,103.31,122109952,99926016,45016416,42.93,3221630
1756127998022,557.42,103.46,122109952,99926016,45018472,42.93,3221630
1756127998123,560.89,104.04,122454016,99926016,45404904,43.30,3231158
1756127998225,561.18,104.19,122454016,99926016,45406960,43.30,3231158
1756127998325,561.50,104.36,122454016,99926016,45408992,43.31,3231158
1756127998427,566.41,105.44,122863616,99926016,45801904,43.68,3232494
1756127998527,566.72,105.60,122880000,99926016,45803960,43.68,3232494
1756127998628,570.21,106.24,123224064,99926016,46190216,44.05,3233830
1756127998730,570.47,106.38,123224064,99926016,46192272,44.05,3233830
1756127998831,570.81,106.54,123224064,99926016,46194472,44.05,3233830
1756127998931,572.23,106.77,123584512,99926016,46580568,44.42,3235166
1756127999031,572.41,106.84,118341632,99926016,46582624,44.42,3235166
1756127999132,576.61,107.64,117538816,99926016,46969152,44.79,3244694
1756127999233,576.80,107.73,117538816,99926016,46971208,44.80,3244694
1756127999335,577.10,107.89,117538816,99926016,46973312,44.80,3244694
1756127999436,582.55,108.66,117915648,99926016,47374672,45.18,3246030
1756127999537,582.86,108.79,117915648,99926016,47376728,45.18,3246030
1756127999638,586.98,109.41,118276096,99926016,47762784,45.55,3247366
1756127999738,587.27,109.55,118276096,99926016,47764840,45.55,3247366
1756127999839,587.56,109.65,118276096,99926016,47766872,45.55,3247366
1756127999941,595.70,110.98,119685120,99926016,48215880,45.98,3248702
1756128000042,595.96,111.15,119685120,99926016,48217936,45.98,3248702
1756128000144,600.49,112.05,119947264,99926016,48605056,46.35,3258230
1756128000243,600.80,112.20,119947264,99926016,48607112,46.36,3258230
1756128000345,601.14,112.37,119947264,99926016,48609144,46.36,3258230
1756128000446,606.03,113.44,120307712,99926016,49002088,46.73,3259566
1756128000546,606.36,113.70,120307712,99926016,49004144,46.73,3259566
1756128000648,610.11,114.57,120668160,99926016,49389904,47.10,3260902
1756128000750,610.44,114.75,120668160,99926016,49391960,47.10,3260902
1756128000851,611.02,114.98,120684544,99926016,49394848,47.11,3260902
1756128000953,615.37,115.73,121028608,99926016,49786880,47.48,3262238
1756128001053,615.69,115.87,121012224,99926016,49788936,47.48,3262238
1756128001154,620.50,116.82,121372672,99926016,50180512,47.86,3271766
1756128001256,620.80,116.95,121323520,99926016,50182568,47.86,3271766
1756128001356,621.12,117.11,121323520,99926016,50184600,47.86,3271766
1756128001457,625.50,118.12,121667584,99926016,50575344,48.23,3273102
1756128001559,625.79,118.30,121683968,99926016,50577400,48.23,3273102
1756128001659,630.38,119.36,122044416,99926016,50966448,48.61,3274438
1756128001759,630.71,119.52,122044416,99926016,50968504,48.61,3274438
1756128001860,631.00,119.63,122044416,99926016,50970536,48.61,3274438
1756128001962,635.04,120.32,122404864,99926016,51363280,48.98,3275774
1756128002062,635.26,120.42,122404864,99926016,51365336,48.99,3275774
1756128002164,641.76,121.21,122814464,99926016,51756616,49.36,3285302
1756128002264,641.99,121.36,122814464,99926016,51758672,49.36,3285302
1756128002364,642.27,121.50,122814464,99926016,51760704,49.36,3285302
1756128002465,645.81,122.23,123191296,99926016,52137832,49.72,3286638
1756128002567,646.12,122.37,123191296,99926016,52139888,49.72,3286638
1756128002668,651.09,123.09,123568128,99926016,52521088,50.09,3287974
1756128002768,651.37,123.25,123568128,99926016,52523144,50.09,3287974
1756128002869,651.67,123.41,123568128,99926016,52525176,50.09,3287974
1756128002971,657.08,124.16,124174336,99926016,52918704,50.47,3289310
1756128003073,657.39,124.26,124174336,99926016,52920760,50.47,3289310
1756128003173,662.75,124.91,124502016,99926016,53306656,50.84,3298838
1756128003273,662.98,125.07,124502016,99926016,53308712,50.84,3298838
1756128003374,663.24,125.22,124502016,99926016,53310744,50.84,3298838
1756128003475,667.57,126.00,124878848,99926016,53690464,51.20,3300174
1756128003577,667.84,126.16,124878848,99926016,53692520,51.21,3300174
1756128003678,671.75,126.86,125222912,99926016,54068416,51.56,3301510
1756128003778,672.06,127.01,125222912,99926016,54070472,51.57,3301510
1756128003879,672.35,127.13,125222912,99926016,54072504,51.57,3301510
1756128003981,675.76,127.58,125747200,99926016,54471336,51.95,3302846
1756128004083,676.07,127.76,125747200,99926016,54473392,51.95,3302846
1756128004184,679.21,128.32,126091264,99926016,54849408,52.31,3312374
1756128004284,679.53,128.48,126091264,99926016,54851464,52.31,3312374
1756128004386,679.87,128.64,126091264,99926016,54853496,52.31,3312374
1756128004487,683.83,129.34,126451712,99926016,55235432,52.68,3313710
1756128004588,684.16,129.51,126189568,99926016,55237488,52.68,3313710
1756128004690,688.90,130.45,126566400,99926016,55616304,53.04,3315046
1756128004789,689.23,130.60,126566400,99926016,55618360,53.04,3315046
1756128004891,689.54,130.78,126566400,99926016,55620392,53.04,3315046
1756128004991,693.05,131.46,126894080,99926016,55996752,53.40,3316382
1756128005093,693.37,131.63,126894080,99926016,55998808,53.40,3316382
1756128005193,697.19,132.37,127254528,99926016,56378056,53.77,3325910
1756128005295,697.50,132.53,127270912,99926016,56380112,53.77,3325910
1756128005394,697.78,132.66,127270912,99926016,56382144,53.77,3325910
1756128005495,701.06,133.34,127631360,99926016,56758904,54.13,3327246
1756128005597,701.37,133.52,127631360,99926016,56760960,54.13,3327246
1756128005698,708.95,134.35,127975424,99926016,57150784,54.50,3328582
1756128005799,709.24,134.55,127991808,99926016,57152840,54.51,3328582
1756128005901,709.58,134.75,127991808,99926016,57154872,54.51,3328582
1756128006002,716.42,136.21,128434176,99926016,57627024,54.96,3329918
1756128006102,716.68,136.34,128434176,99926016,57629080,54.96,3329918
1756128006203,720.16,137.12,128778240,99926016,58006160,55.32,3339446
1756128006304,720.42,137.29,128778240,99926016,58008216,55.32,3339446
1756128006406,720.74,137.50,128778240,99926016,58010248,55.32,3339446
1756128006508,731.58,139.32,129171456,99926016,33985584,32.41,3340782
1756128006608,731.91,139.47,129171456,99926016,33987640,32.41,3340782
1756128006709,736.66,140.10,129171456,99926016,34366944,32.77,3110004
1756128006811,736.93,140.25,129171456,99926016,34369000,32.78,3110004
1756128006910,737.29,140.38,129171456,99926016,34371200,32.78,3110004
1756128007012,740.35,140.80,129171456,99926016,34747624,33.14,3111340
1756128007112,740.69,140.94,129171456,99926016,34749656,33.14,3111340
1756128007214,760.11,142.15,130285568,99926016,35161712,33.53,3120868
1756128007315,760.43,142.32,130285568,99926016,35163768,33.53,3120868
1756128007415,760.90,142.54,130285568,99926016,35165800,33.54,3120868
1756128007516,764.39,143.13,130285568,99926016,35542056,33.90,3122204
1756128007616,764.71,143.35,130285568,99926016,35544112,33.90,3122204
1756128007718,770.49,144.05,129662976,99926016,35930472,34.27,3123540
1756128007819,770.82,144.20,129662976,99926016,35932528,34.27,3123540
1756128007921,771.14,144.35,129662976,99926016,35934560,34.27,3123540
1756128008022,778.76,145.09,129728512,99926016,36316472,34.63,3124876
1756128008122,779.05,145.25,129728512,99926016,36318504,34.64,3124876
1756128008224,783.13,145.82,129728512,99926016,36695064,35.00,3134404
1756128008324,784.33,146.03,129662976,99926016,36700624,35.00,3134404
1756128008425,784.60,146.18,129662976,99926016,36702656,35.00,3134404
1756128008525,788.05,146.64,129662976,99926016,37079992,35.36,3135740
1756128008627,788.36,146.80,129662976,99926016,37082048,35.36,3135740
1756128008728,793.35,147.30,129662976,99926016,37459752,35.72,3137076
1756128008828,793.64,147.43,129662976,99926016,37461808,35.73,3137076
1756128008928,794.82,147.62,129662976,99926016,37651864,35.91,3137746
1756128009029,799.92,147.88,130023424,99926016,37848192,36.09,3138412
1756128009129,800.20,148.03,130023424,99926016,37850224,36.10,3138412
1756128009230,808.03,148.92,130039808,99926016,38232840,36.46,3147940
1756128009332,808.33,149.13,130039808,99926016,38234896,36.46,3147940
1756128009433,810.74,149.47,130039808,99926016,38421008,36.64,3148610
1756128009535,814.77,149.86,130039808,99926016,38609872,36.82,3149276
1756128009636,815.05,150.04,129449984,99926016,38611928,36.82,3149276
1756128009737,818.47,150.55,129318912,99926016,38982448,37.18,3150614
1756128009837,818.75,150.69,129105920,99926016,38984504,37.18,3150614
1756128009937,823.23,151.26,129105920,99926016,39360016,37.54,3151952
1756128010039,823.43,151.37,129056768,99926016,39362072,37.54,3151952
1756128010139,823.76,151.53,129056768,99926016,39364104,37.54,3151952
1756128010241,828.72,152.18,129073152,99926016,39739888,37.90,3161482
1756128010341,829.04,152.47,129073152,99926016,39741944,37.90,3161482
1756128010441,832.49,152.93,129073152,99926016,40110296,38.25,3162820
1756128010542,832.71,153.07,129073152,99926016,40112352,38.25,3162820
1756128010644,833.03,153.24,129073152,99926016,40114384,38.26,3162820
1756128010743,836.78,153.78,129073152,99926016,40482728,38.61,3164158
1756128010844,837.02,153.88,129073152,99926016,40484784,38.61,3164158
1756128010945,841.13,154.45,129073152,99926016,40853144,38.96,3165496
1756128011045,841.35,154.59,129073152,99926016,40855200,38.96,3165496
1756128011147,841.68,154.77,129073152,99926016,40857232,38.96,3165496
1756128011247,845.52,155.29,129073152,99926016,41225872,39.32,3175026
1756128011349,845.76,155.46,129073152,99926016,41227928,39.32,3175026
1756128011449,848.99,155.98,129073152,99926016,41596384,39.67,3176364
1756128011550,849.13,156.10,129073152,99926016,41598440,39.67,3176364
1756128011650,849.38,156.25,129073152,99926016,41600472,39.67,3176364
1756128011752,852.79,156.69,129073152,99926016,41969288,40.03,3177702
1756128011853,853.94,156.92,129073152,99926016,41974712,40.03,3177702
1756128011954,857.39,157.41,129073152,99926016,42343584,40.38,3179040
1756128012055,857.59,157.55,129073152,99926016,42345640,40.38,3179040
1756128012157,857.92,157.73,129073152,99926016,42347672,40.39,3179040
1756128012258,861.36,158.22,129073152,99926016,42716672,40.74,3188570
1756128012357,861.61,158.43,129073152,99926016,42718728,40.74,3188570
1756128012458,869.31,159.07,129105920,99926016,43101216,41.10,3189908
1756128012559,869.55,159.25,129122304,99926016,43103272,41.11,3189908
1756128012659,871.73,159.69,129122304,99926016,43112408,41.12,3189908
1756128012760,879.34,160.49,129138688,99926016,43486680,41.47,3191246
1756128012860,879.66,160.62,129138688,99926016,43488736,41.47,3191246
1756128012961,883.44,161.24,129138688,99926016,43858056,41.83,3192584
1756128013061,883.63,161.36,129138688,99926016,43860112,41.83,3192584
1756128013161,883.89,161.51,129138688,99926016,43862144,41.83,3192584
1756128013263,887.41,162.19,129318912,99926016,44231736,42.18,3202114
1756128013363,887.67,162.36,129318912,99926016,44233792,42.18,3202114
1756128013463,891.52,163.22,129646592,99926016,44602016,42.54,3203452
1756128013565,891.69,163.36,129646592,99926016,44604072,42.54,3203452
1756128013665,891.93,163.58,129646592,99926016,44606104,42.54,3203452
1756128013767,897.22,164.91,129990656,99926016,44980424,42.90,3204790
1756128013868,897.52,165.10,129990656,99926016,44982480,42.90,3204790
1756128013969,901.48,166.00,130334720,99926016,45350584,43.25,3206128
1756128014070,901.75,166.12,130334720,99926016,45352640,43.25,3206128
1756128014171,902.06,166.28,130334720,99926016,45354672,43.25,3206128
1756128014273,906.02,167.22,130678784,99926016,45723576,43.61,3215658
1756128014373,906.35,167.40,130678784,99926016,45725632,43.61,3215658
1756128014475,909.60,167.98,130957312,99926016,46095016,43.96,3216996
1756128014576,909.85,168.10,130957312,99926016,46097072,43.96,3216996
1756128014677,910.12,168.24,130957312,99926016,46099104,43.96,3216996
1756128014779,913.83,168.94,131317760,99926016,46468456,44.32,3218334
1756128014880,914.13,169.09,131317760,99926016,46470512,44.32,3218334
1756128014981,920.05,169.89,131645440,99926016,46845152,44.68,3219672
1756128015081,920.45,170.06,131645440,99926016,46847376,44.68,3219672
1756128015183,920.72,170.21,131661824,99926016,46849408,44.68,3219672
1756128015284,927.36,171.01,132022272,99926016,47223064,45.04,3229202
1756128015385,927.66,171.16,132022272,99926016,47225120,45.04,3229202
1756128015486,932.18,172.06,132382720,100188160,47599600,45.39,3230540
1756128015587,932.43,172.17,132382720,100188160,47601664,45.40,3230540
1756128015687,932.71,172.28,132333568,100188160,47603704,45.40,3230540
1756128015788,936.01,172.95,132677632,100188160,47972016,45.75,3231878
1756128015890,936.32,173.09,132677632,100188160,47974080,45.75,3231878
1756128015990,940.50,173.99,132857856,100188160,48343400,46.10,3233216
1756128016090,940.85,174.24,132808704,100188160,48345464,46.11,3233216
1756128016192,941.09,174.37,132808704,100188160,48347504,46.11,3233216
1756128016292,946.49,174.98,133234688,100450304,48744096,46.49,3242746
1756128016392,947.54,175.21,133234688,100450304,48750864,46.49,3242746
1756128016494,953.54,176.16,133595136,100450304,49141552,46.87,3244084
1756128016595,953.79,176.30,133595136,100450304,49143616,46.87,3244084
1756128016695,954.10,176.47,133595136,100450304,49145656,46.87,3244084
1756128016796,958.05,177.33,133955584,100450304,49519760,47.23,3245422
1756128016897,958.38,177.51,133464064,100450304,49521824,47.23,3245422
1756128016997,960.76,178.07,133791744,100450304,49890488,47.58,3246760
1756128017098,961.01,178.19,133709824,100450304,49892552,47.58,3246760
1756128017200,961.30,178.34,133726208,100450304,49894592,47.58,3246760
1756128017301,964.96,179.18,134086656,100450304,50263464,47.93,3256290
1756128017401,965.29,179.29,132104192,100450304,50265528,47.94,3256290
1756128017502,968.62,179.84,132431872,100450304,50633752,48.29,3257628
1756128017603,968.91,179.97,132431872,100450304,50635816,48.29,3257628
1756128017705,969.23,180.13,132431872,100450304,50637856,48.29,3257628
1756128017806,974.37,181.02,132792320,100450304,51007936,48.64,3258966
1756128017907,974.66,181.17,132792320,100450304,51010000,48.65,3258966
1756128018008,978.96,181.90,133136384,100450304,51379992,49.00,3260304
1756128018109,979.16,182.00,133136384,100450304,51382056,49.00,3260304
1756128018211,979.36,182.14,132087808,100450304,51384096,49.00,3260304
1756128018312,982.73,182.64,132431872,100450304,51752576,49.36,3269834
1756128018413,982.94,182.76,132431872,100450304,51754640,49.36,3269834
1756128018514,986.04,183.25,132775936,100450304,52123376,49.71,3271172
1756128018615,986.35,183.41,132792320,100450304,52125440,49.71,3271172
1756128018717,986.66,183.57,132792320,100450304,52127480,49.71,3271172
1756128018817,991.01,184.54,133152768,100450304,52496744,50.06,3272510
1756128018918,991.22,184.63,133152768,100450304,52498808,50.07,3272510
1756128019019,994.71,185.15,133496832,100450304,52868264,50.42,3273848
1756128019121,994.99,185.27,133496832,100450304,52870328,50.42,3273848
1756128019221,995.36,185.44,133496832,100450304,52872368,50.42,3273848
1756128019322,998.80,186.04,133840896,100450304,53240776,50.77,3283378
1756128019423,999.07,186.19,133840896,100450304,53242840,50.78,3283378
1756128019524,1002.67,187.00,134184960,100450304,53612584,51.13,3284716
1756128019625,1002.99,187.15,134184960,100450304,53614648,51.13,3284716
1756128019727,1003.28,187.27,134184960,100450304,53616688,51.13,3284716
1756128019828,1007.08,187.90,134529024,100450304,53984872,51.48,3286054
1756128019929,1007.33,188.03,134529024,100450304,53986936,51.49,3286054
1756128020030,1011.74,188.55,134873088,100450304,54359952,51.84,3287392
1756128020131,1012.06,188.72,134889472,100450304,54362016,51.84,3287392
1756128020232,1012.39,188.84,134889472,100450304,54364056,51.85,3287392
1756128020333,1017.11,189.65,135282688,100712448,54743112,52.21,3296922
1756128020435,1017.37,189.77,135282688,100712448,54745176,52.21,3296922
1756128020535,1030.33,191.22,136888320,100712448,55204480,52.65,3298260
1756128020636,1030.62,191.36,136888320,100712448,55206544,52.65,3298260
1756128020738,1030.91,191.52,136904704,100712448,55208584,52.65,3298260
1756128020838,1034.42,192.13,137248768,100712448,55577744,53.00,3299598
1756128020939,1034.71,192.25,137248768,100712448,55579808,53.01,3299598
1756128021040,1037.88,192.86,137609216,100712448,55948344,53.36,3300936
1756128021142,1038.13,193.01,137609216,100712448,55950408,53.36,3300936
1756128021242,1038.45,193.19,137609216,100712448,55952448,53.36,3300936
1756128021344,1041.67,193.77,137953280,100712448,56320736,53.71,3310466
1756128021444,1041.99,193.93,137953280,100712448,56322800,53.71,3310466
1756128021546,1045.32,194.59,138297344,100712448,56690832,54.06,3311804
1756128021645,1045.64,194.74,138297344,100712448,56692896,54.07,3311804
1756128021747,1045.96,194.87,138297344,100712448,56694936,54.07,3311804
1756128021847,1049.34,195.39,138641408,100712448,57062840,54.42,3313142
1756128021948,1049.64,195.53,138641408,100712448,57064904,54.42,3313142
1756128022049,1053.09,196.16,138985472,100712448,57433112,54.77,3314480
1756128022151,1053.38,196.32,138985472,100712448,57435176,54.77,3314480
1756128022251,1053.68,196.49,139001856,100712448,57437216,54.78,3314480
1756128022352,1057.36,197.34,139345920,100712448,57805512,55.13,3324010
1756128022452,1057.68,197.63,139345920,100712448,57807576,55.13,3324010
1756128022554,1065.19,198.46,139739136,100712448,58182800,55.49,3325348
1756128022654,1065.48,198.60,139739136,100712448,58184864,55.49,3325348
1756128022756,1065.75,198.73,139739136,100712448,58186904,55.49,3325348
1756128022857,1069.13,199.28,140050432,100712448,58545544,55.83,3326686
1756128022957,1069.42,199.40,140050432,100712448,58547608,55.84,3326686
1756128023059,1072.93,200.14,140394496,100712448,58905936,56.18,3328024
1756128023159,1073.32,200.31,140394496,100712448,58908168,56.18,3328024
1756128023261,1073.60,200.44,140394496,100712448,58910208,56.18,3328024
1756128023361,1088.19,203.85,143032320,103596032,36992480,35.28,3337554
1756128023461,1088.54,203.99,143032320,103596032,36994544,35.28,3337554
1756128023562,1091.79,204.45,143048704,103596032,37352896,35.62,3110006
1756128023663,1092.10,204.59,143048704,103596032,37354960,35.62,3110006
1756128023765,1092.73,204.77,143048704,103596032,37357688,35.63,3110006
1756128023865,1096.37,205.29,143048704,103596032,37717896,35.97,3111344
1756128023967,1096.77,205.39,143048704,103596032,37721816,35.97,3111344
1756128024067,1101.17,206.08,143081472,103596032,38083248,36.32,3112682
1756128024168,1101.48,206.22,143081472,103596032,38085384,36.32,3112682
1756128024269,1101.80,206.34,143081472,103596032,38087496,36.32,3112682
1756128024370,1105.30,206.83,143081472,103596032,38446208,36.67,3122212
1756128024472,1105.63,206.99,143081472,103596032,38448344,36.67,3122212
1756128024573,1109.58,207.49,143081472,103596032,38807072,37.01,3123550
1756128024673,1109.84,207.60,143081472,103596032,38809208,37.01,3123550
1756128024774,1110.13,207.75,143081472,103596032,38811320,37.01,3123550
1756128024874,1113.14,208.15,143081472,103596032,39169792,37.36,3124888
1756128024976,1113.47,208.31,142426112,103596032,39171928,37.36,3124888
1756128025076,1116.15,208.82,142131200,103596032,39530888,37.70,3126226
1756128025177,1116.43,208.93,142131200,103596032,39533024,37.70,3126226
1756128025279,1118.49,209.17,142131200,103596032,39714184,37.87,3126897
1756128025379,1119.88,209.41,141639680,103596032,39893872,38.05,3135756
1756128025481,1120.25,209.54,141639680,103596032,39896008,38.05,3135756
1756128025581,1123.73,210.06,141295616,103596032,40257592,38.39,3137094
1756128025683,1124.03,210.18,141295616,103596032,40259728,38.39,3137094
1756128025783,1126.48,210.56,141295616,103596032,40619344,38.74,3138432
1756128025883,1126.61,210.64,141295616,103596032,40621480,38.74,3138432
1756128025984,1126.84,210.73,141295616,103596032,40623592,38.74,3138432
1756128026086,1130.75,211.28,141295616,103596032,40982200,39.08,3139770
1756128026186,1131.02,211.40,141295616,103596032,40984336,39.09,3139770
1756128026287,1134.67,211.81,141295616,103596032,41167192,39.26,3140441
1756128026388,1135.97,212.05,141312000,103596032,41346856,39.43,3149300
1756128026489,1136.25,212.16,141262848,103596032,41348992,39.43,3149300
1756128026590,1139.93,212.66,141262848,103596032,41707472,39.78,3150638
1756128026692,1140.09,212.74,141262848,103596032,41709608,39.78,3150638
1756128026792,1143.51,213.31,141279232,103596032,42068000,40.12,3151976
1756128026893,1143.68,213.43,141279232,103596032,42070136,40.12,3151976
1756128026994,1143.91,213.51,141279232,103596032,42072248,40.12,3151976
1756128027095,1147.10,214.00,141279232,103596032,42430664,40.47,3153314
1756128027196,1147.38,214.11,141279232,103596032,42432800,40.47,3153314
1756128027297,1150.21,214.69,141459456,103596032,42955592,40.97,3162844
1756128027397,1150.47,214.84,141459456,103596032,42957728,40.97,3162844
1756128027497,1150.75,214.96,141459456,103596032,42959840,40.97,3162844
1756128027597,1154.56,215.51,141459456,103596032,43321288,41.31,3164182
1756128027699,1154.86,215.65,141459456,103596032,43323424,41.32,3164182
1756128027799,1158.80,216.23,141475840,103596032,43683248,41.66,3165520
1756128027901,1159.16,216.38,141475840,103596032,43685384,41.66,3165520
1756128028001,1159.54,216.52,141475840,103596032,43687496,41.66,3165520
1756128028102,1162.67,216.96,141475840,103596032,44047104,42.01,3166858
1756128028203,1162.98,217.10,141475840,103596032,44049240,42.01,3166858
1756128028304,1166.63,217.76,141492224,103596032,44409080,42.35,3176388
1756128028405,1166.86,217.88,141492224,103596032,44411216,42.35,3176388
1756128028505,1167.22,218.03,141492224,103596032,44413328,42.36,3176388
1756128028606,1174.05,218.64,141492224,103596032,44788352,42.71,3177726
1756128028707,1174.35,218.78,141492224,103596032,44790456,42.72,3177726
1756128028808,1177.70,219.30,141492224,103596032,45148768,43.06,3179064
1756128028909,1177.92,219.40,141492224,103596032,45150872,43.06,3179064
1756128029011,1178.10,219.55,141492224,103596032,45152952,43.06,3179064
1756128029112,1180.80,219.97,141508608,103596032,45511408,43.40,3180402
1756128029214,1181.08,220.14,141508608,103596032,45513512,43.41,3180402
1756128029314,1183.90,220.58,140427264,103596032,45877680,43.75,3189932
1756128029413,1184.05,220.65,137019392,103596032,45879784,43.75,3189932
1756128029514,1184.25,220.74,137019392,103596032,45881864,43.76,3189932
1756128029616,1187.32,221.22,137035776,103596032,46240368,44.10,3191270
1756128029716,1187.62,221.42,137035776,103596032,46242472,44.10,3191270
1756128029817,1190.76,221.90,137035776,103596032,46600816,44.44,3192608
1756128029918,1191.00,222.09,136265728,103596032,46602920,44.44,3192608
1756128030020,1191.30,222.32,136265728,103596032,46605000,44.45,3192608
1756128030121,1194.84,223.14,136282112,103596032,46963488,44.79,3193946
1756128030223,1195.11,223.29,136282112,103596032,46965592,44.79,3193946
1756128030323,1199.40,224.81,136282112,103596032,47325512,45.13,3203476
1756128030424,1199.65,224.95,136282112,103596032,47327616,45.14,3203476
1756128030525,1199.95,225.11,136282112,103596032,47329696,45.14,3203476
1756128030625,1202.39,225.62,136298496,103596032,47688592,45.48,3204814
1756128030726,1202.62,225.74,136298496,103596032,47690696,45.48,3204814
1756128030827,1206.72,226.48,136331264,103596032,48052392,45.83,3206152
1756128030928,1206.94,226.61,136331264,103596032,48054496,45.83,3206152
1756128031030,1207.20,226.75,136331264,103596032,48056576,45.83,3206152
1756128031130,1210.42,227.21,136331264,103596032,48415480,46.17,3207490
1756128031230,1210.74,227.34,136331264,103596032,48417752,46.17,3207490
1756128031331,1213.19,227.84,136347648,103596032,48780736,46.52,3217020
1756128031432,1213.38,227.91,135053312,103596032,48782840,46.52,3217020
1756128031533,1213.63,228.05,135053312,103596032,48784920,46.52,3217020
1756128031634,1217.15,228.61,135086080,103596032,49153784,46.88,3218358
1756128031735,1217.42,228.76,134676480,103596032,49155888,46.88,3218358
1756128031835,1220.99,229.47,134709248,103596032,49514328,47.22,3219696
1756128031935,1221.22,229.62,134332416,103596032,49516432,47.22,3219696
1756128032035,1221.44,229.73,134332416,103596032,49518512,47.22,3219696
1756128032136,1224.59,230.47,134397952,103596032,49877144,47.57,3221034
1756128032237,1224.89,230.64,134397952,103596032,49879248,47.57,3221034
1756128032338,1229.28,231.99,134545408,103596032,50238592,47.91,3230564
1756128032439,1229.56,232.12,134545408,103596032,50240696,47.91,3230564
1756128032541,1229.91,232.26,134545408,103596032,50242776,47.92,3230564
1756128032642,1233.54,232.74,134561792,103596032,50601776,48.26,3231902
1756128032743,1233.84,232.88,134561792,103596032,50603880,48.26,3231902
1756128032844,1237.96,233.54,134610944,103596032,50963656,48.60,3233240
1756128032946,1239.09,233.76,134610944,103596032,50968688,48.61,3233240
1756128033046,1239.38,233.91,134610944,103596032,50970768,48.61,3233240
1756128033147,1245.84,234.47,134610944,103596032,51333360,48.96,3234578
1756128033248,1246.06,234.60,134610944,103596032,51335464,48.96,3234578
1756128033350,1250.07,235.21,134643712,103596032,51688624,49.29,3244108
1756128033450,1250.35,235.34,134643712,103596032,51690728,49.30,3244108
1756128033550,1250.62,235.50,134643712,103596032,51692808,49.30,3244108
1756128033651,1253.77,236.07,134709248,103596032,52043784,49.63,3245446
1756128033752,1253.98,236.16,134709248,103596032,52045888,49.63,3245446
1756128033853,1255.78,236.46,134742016,103596032,52396856,49.97,3246784
1756128033954,1255.91,236.52,134742016,103596032,52398960,49.97,3246784
1756128034055,1256.10,236.63,134742016,103596032,52401040,49.97,3246784
1756128034156,1260.46,237.23,134807552,103596032,52760136,50.32,3248122
1756128034258,1262.26,237.66,134725632,103596032,52775600,50.33,3248122
1756128034360,1265.15,238.17,134742016,103596032,53126168,50.67,3257652
1756128034460,1265.33,238.26,134742016,103596032,53127984,50.67,3257652
1756128034561,1265.58,238.40,134742016,103596032,53129776,50.67,3257652
1756128034662,1266.88,238.68,96239616,103596032,53480584,51.00,3258990
1756128034763,1267.06,238.83,75792384,103596032,53482392,51.00,3258990
1756128034864,1269.97,239.49,74842112,103596032,53834472,51.34,3260328
1756128034966,1270.22,239.66,74842112,103596032,53836280,51.34,3260328
1756128035066,1270.48,239.80,74842112,103596032,53838064,51.34,3260328
1756128035167,1273.85,240.47,74956800,103596032,54189488,51.68,3261666
1756128035269,1274.10,240.61,74956800,103596032,54191296,51.68,3261666
1756128035370,1282.64,241.88,76005376,103596032,54547072,52.02,3271196
1756128035472,1282.94,242.10,76005376,103596032,54548880,52.02,3271196
1756128035572,1283.23,242.28,76005376,103596032,54550664,52.02,3271196
1756128035673,1284.21,242.50,76218368,103596032,54893856,52.35,3272534
1756128035775,1284.34,242.57,76218368,103596032,54895664,52.35,3272534
1756128035875,1287.63,243.17,76316672,103596032,55239000,52.68,3273872
1756128035977,1287.91,243.33,76316672,103596032,55240808,52.68,3273872
1756128036076,1288.16,243.46,76316672,103596032,55242592,52.68,3273872
1756128036176,1289.82,244.00,75218944,103596032,55606088,53.03,3275210
1756128036278,1289.98,244.07,71647232,103596032,55607880,53.03,3275210
1756128036378,1291.75,244.64,71909376,103596032,55952848,53.36,3284740
1756128036479,1291.88,244.70,71139328,103596032,55954656,53.36,3284740
1756128036579,1291.98,244.76,71139328,103596032,55956440,53.36,3284740
1756128036681,1293.95,245.31,71499776,103596032,56301088,53.69,3286078
1756128036781,1294.11,245.38,70664192,103596032,56302896,53.69,3286078
1756128036882,1295.82,245.79,71024640,103596032,56646112,54.02,3287416
1756128036983,1296.00,245.88,71024640,103596032,56647920,54.02,3287416
1756128037084,1296.25,246.01,71024640,103596032,56649704,54.03,3287416
1756128037185,1299.42,246.80,71499776,103596032,56993112,54.35,3288754
1756128037286,1299.56,246.85,71499776,103596032,56994920,54.35,3288754
1756128037388,1303.02,247.74,71843840,103596032,57339568,54.68,3298284
1756128037488,1303.24,247.84,70352896,103596032,57341376,54.68,3298284
1756128037590,1303.53,248.00,70352896,103596032,57343160,54.69,3298284
1756128037690,1307.57,249.03,71057408,103596032,57688272,55.02,3299622
1756128037792,1307.85,249.19,71057408,103596032,57690080,55.02,3299622
1756128037893,1310.95,250.05,71696384,103596032,58033432,55.34,3300960
1756128037994,1311.13,250.15,65994752,103596032,58035240,55.35,3300960
1756128038097,1311.24,250.20,65994752,103596032,58037024,55.35,3300960
1756128038199,1314.18,251.87,65896448,103596032,58380344,55.68,3302298
1756128038297,1314.31,252.10,65765376,103596032,58382152,55.68,3302298
1756128038398,1315.77,252.93,66240512,103596032,58725680,56.01,3311828
1756128038499,1315.94,253.02,66240512,103596032,58727488,56.01,3311828
1756128038601,1316.16,253.14,66224128,103596032,58729272,56.01,3311828
1756128038702,1317.68,253.55,66764800,103596032,59072728,56.34,3313166
1756128038802,1317.88,253.65,66764800,103596032,59074536,56.34,3313166
1756128038902,1319.00,253.95,67207168,103596032,59418336,56.67,3314504
1756128039003,1319.12,254.01,67190784,103596032,59420144,56.67,3314504
1756128039104,1319.31,254.14,67207168,103596032,59421928,56.67,3314504
1756128039206,1322.78,255.07,67715072,103596032,59765256,57.00,3315842
1756128039306,1323.02,255.19,67715072,103596032,59767064,57.00,3315842
1756128039407,1327.00,256.30,68239360,103596032,60112176,57.33,3325372
1756128039509,1327.33,256.43,68239360,103596032,60113968,57.33,3325372
1756128039609,1327.64,256.63,68239360,103596032,60115752,57.33,3325372
1756128039710,1331.61,257.66,68845568,103596032,60461736,57.66,3326710
1756128039812,1331.91,257.82,68861952,103596032,60463544,57.66,3326710
1756128039913,1335.76,258.82,69287936,103596032,60806752,57.99,3328048
1756128040013,1336.07,258.98,69287936,103596032,60808560,57.99,3328048
1756128040115,1336.27,259.07,69287936,103596032,60810344,57.99,3328048
1756128040216,1339.88,260.10,69763072,103596032,61153680,58.32,3329386
1756128040316,1340.16,260.25,69763072,103596032,61155488,58.32,3329386
1756128040417,1343.22,261.06,70189056,103596032,61499400,58.65,3338916
1756128040518,1343.47,261.21,70189056,103596032,61501208,58.65,3338916
1756128040619,1343.77,261.39,70205440,103596032,61502992,58.65,3338916
1756128040720,1347.00,262.21,70680576,103596032,61846344,58.98,3340254
1756128040820,1347.27,262.36,70680576,103596032,61848152,58.98,3340254
1756128040922,1350.87,263.23,71139328,103596032,62191608,59.31,3341592
1756128041023,1351.13,263.37,71139328,103596032,62193416,59.31,3341592
1756128041124,1351.38,263.49,71139328,103596032,62195200,59.31,3341592
1756128041226,1365.13,280.87,98680832,106217472,40245776,38.38,3342930
1756128041327,1365.41,281.05,98680832,106217472,40247584,38.38,3342930
1756128041428,1368.80,281.73,99008512,106217472,40591160,38.71,3118198
1756128041529,1369.04,281.91,99024896,106217472,40592968,38.71,3118198
1756128041630,1371.42,282.33,99188736,106217472,40766360,38.88,3118869
1756128041731,1372.74,282.70,99352576,106217472,40938016,39.04,3119536
1756128041831,1372.98,282.81,99352576,106217472,40939824,39.04,3119536
1756128041932,1376.10,283.42,99663872,106217472,41283032,39.37,3120874
1756128042034,1376.40,283.61,99663872,106217472,41284840,39.37,3120874
1756128042134,1378.66,284.13,99844096,106217472,41458232,39.54,3121545
1756128042235,1380.02,284.53,99991552,106217472,41629888,39.70,3122212
1756128042335,1380.25,284.67,99991552,106217472,41631672,39.70,3122212
1756128042436,1383.83,285.42,100319232,106217472,41975376,40.03,3131742
1756128042538,1384.08,285.54,100319232,106217472,41977192,40.03,3131742
1756128042639,1387.43,286.64,100827136,106217472,42171896,40.22,3132417
1756128042740,1388.77,287.10,100990976,106217472,42343584,40.38,3133084
1756128042841,1389.02,287.23,100990976,106217472,42345376,40.38,3133084
1756128042942,1393.42,288.31,101367808,106217472,42689256,40.71,3134422
1756128043044,1393.70,288.49,101384192,106217472,42691072,40.71,3134422
1756128043143,1396.19,289.09,101548032,106217472,42864520,40.88,3135093
1756128043245,1397.50,289.50,101711872,106217472,43036088,41.04,3135760
1756128043345,1397.76,289.64,101711872,106217472,43037904,41.04,3135760
1756128043447,1400.94,290.33,102023168,106217472,43381384,41.37,3145290
1756128043547,1401.22,290.47,102023168,106217472,43383200,41.37,3145290
1756128043648,1404.89,291.29,102350848,106217472,43726336,41.70,3146628
1756128043749,1405.42,291.42,102350848,106217472,43732888,41.71,3146628
1756128043851,1405.68,291.58,102367232,106217472,43734680,41.71,3146628
1756128043952,1407.21,291.90,102694912,106217472,44078904,42.04,3147966
1756128044052,1407.35,291.98,102694912,106217472,44080720,42.04,3147966
1756128044152,1410.87,292.65,103038976,106217472,44423912,42.37,3149304
1756128044253,1411.05,292.76,103038976,106217472,44425728,42.37,3149304
1756128044354,1411.32,292.91,103038976,106217472,44427520,42.37,3149304
1756128044455,1414.89,293.63,103333888,106217472,44771264,42.70,3158834
1756128044557,1415.16,293.76,103333888,106217472,44773080,42.70,3158834
1756128044915,1557.16,349.73,180125696,201932800,96381776,91.92,3223665
1756128045015,1751.06,364.95,275349504,230473728,136228280,129.92,3213466
1756128045116,1786.89,366.78,281018368,230473728,140872048,134.35,3215528
1756128045218,1790.30,366.99,281051136,230473728,141272680,134.73,3216866
1756128045319,1790.51,367.11,281051136,230473728,141274552,134.73,3216866
1756128045421,1794.89,367.57,281051136,230473728,141629688,135.07,3226396
1756128045522,1795.15,367.70,281051136,230473728,141631560,135.07,3226396
1756128045624,1795.47,367.84,281051136,230473728,141633408,135.07,3226396
1756128045724,1799.33,368.30,281051136,230473728,141981720,135.40,3227734
1756128045826,1799.63,368.44,281051136,230473728,141983592,135.41,3227734
1756128045926,1805.07,369.23,281378816,230473728,142353784,135.76,3229072
1756128046028,1805.36,369.38,281378816,230473728,142355656,135.76,3229072
1756128046127,1805.65,369.53,281378816,230473728,142357504,135.76,3229072
1756128046228,1808.97,370.17,281378816,230473728,142717536,136.11,3230410
1756128046330,1809.24,370.35,281378816,230473728,142719408,136.11,3230410
1756128046431,1812.82,371.11,281395200,230473728,143081592,136.45,3239940
1756128046532,1813.01,371.19,281395200,230473728,143083464,136.46,3239940
1756128046633,1813.19,371.29,281395200,230473728,143085312,136.46,3239940
1756128046734,1817.06,371.91,281395200,230473728,143442824,136.80,3241278
1756128046836,1817.33,372.05,281395200,230473728,143444696,136.80,3241278
1756128046936,1823.14,372.90,281657344,230473728,143815840,137.15,3242616
1756128047038,1823.44,373.04,281657344,230473728,143817712,137.16,3242616
1756128047138,1823.85,373.22,281657344,230473728,143819560,137.16,3242616
1756128047238,1827.68,373.98,281673728,230473728,144185360,137.51,3243954
1756128047339,1827.94,374.15,281673728,230473728,144187232,137.51,3243954
1756128047440,1832.95,374.99,281673728,230473728,144547880,137.85,3253484
1756128047541,1833.17,375.12,281673728,230473728,144549752,137.85,3253484
1756128047643,1833.38,375.21,281673728,230473728,144551600,137.86,3253484
1756128047743,1837.10,375.78,281673728,230473728,144912928,138.20,3254822
1756128047844,1837.34,375.89,281673728,230473728,144914800,138.20,3254822
1756128047946,1842.15,376.55,281722880,230473728,145278672,138.55,3256160
1756128048046,1842.44,376.68,281722880,230473728,145280544,138.55,3256160
1756128048147,1842.75,376.84,281722880,230473728,145282392,138.55,3256160
1756128048249,1846.62,377.51,281722880,230473728,145639840,138.89,3257498
1756128048349,1846.87,377.62,281722880,230473728,145641712,138.89,3257498
1756128048449,1851.88,378.44,281739264,230473728,146005720,139.24,3267028
1756128048550,1852.12,378.59,281722880,230473728,146007592,139.24,3267028
1756128048651,1852.27,378.67,281722880,230473728,146009440,139.25,3267028
1756128048753,1862.58,382.52,283836416,230473728,146457080,139.67,3268366
1756128048854,1862.71,382.59,276021248,230473728,146458952,139.67,3268366
1756128048954,1864.41,382.87,229146624,230473728,146814024,140.01,3269704
1756128049055,1864.56,382.95,229146624,230473728,146815896,140.01,3269704
1756128049157,1864.84,383.11,229146624,230473728,146817744,140.02,3269704
1756128049257,1869.33,384.05,229146624,230473728,147172696,140.35,3271042
1756128049358,1869.61,384.19,229146624,230473728,147174568,140.36,3271042
1756128049458,1947.67,396.72,236126208,211075072,45262360,43.17,3225046
1756128049558,1955.53,397.20,229703680,211075072,45350040,43.25,3225046
1756128049660,1955.81,397.35,229703680,211075072,45351920,43.25,3225046
1756128049760,1962.71,398.06,229752832,211075072,45748096,43.63,3225046
1756128049861,1963.02,398.21,229752832,211075072,45749920,43.63,3225046
1756128049962,1965.86,398.67,229752832,211075072,46115232,43.98,3226384
1756128050063,1966.14,398.83,229752832,211075072,46117080,43.98,3226384
1756128050163,1966.44,399.00,229752832,211075072,46118904,43.98,3226384
1756128050264,1969.86,399.65,229752832,211075072,46473896,44.32,3227722
1756128050364,1970.13,399.77,227639296,211075072,46475744,44.32,3227722
1756128050465,1973.73,400.46,227639296,211075072,46830928,44.66,3237252
1756128050566,1974.03,400.62,227639296,211075072,46832776,44.66,3237252
1756128050666,1974.30,400.77,227639296,211075072,46834600,44.66,3237252
1756128050767,1977.71,401.48,227639296,211075072,47190672,45.00,3238590
1756128050867,1978.00,401.63,227639296,211075072,47192520,45.01,3238590
1756128050968,1983.40,402.44,228179968,211075072,47574296,45.37,3239928
1756128051069,1983.75,402.60,228179968,211075072,47576144,45.37,3239928
1756128051170,1984.03,402.78,228179968,211075072,47577968,45.37,3239928
1756128051271,1987.94,403.40,228179968,211075072,47934896,45.71,3241266
1756128051373,1988.24,403.59,228179968,211075072,47936744,45.72,3241266
1756128051474,1991.59,404.22,228179968,211075072,48290248,46.05,3250796
1756128051575,1991.89,404.36,228179968,211075072,48292096,46.05,3250796
1756128051677,1992.19,404.51,228179968,211075072,48293920,46.06,3250796
1756128051777,1996.28,405.08,228179968,211075072,48650080,46.40,3252134
1756128051877,1996.54,405.22,210812928,211075072,48651928,46.40,3252134
1756128051979,2007.29,406.46,211484672,211075072,49077096,46.80,3253472
1756128052078,2007.53,406.62,211484672,211075072,49078944,46.81,3253472
1756128052179,2007.71,406.70,211484672,211075072,49080768,46.81,3253472
1756128052281,2010.82,407.17,211484672,211075072,49434504,47.14,3254810
1756128052380,2011.12,407.32,211484672,211075072,49436352,47.15,3254810
1756128052481,2015.16,408.28,211501056,211075072,49790328,47.48,3264340
1756128052583,2015.47,408.48,211501056,211075072,49792176,47.49,3264340
1756128052683,2015.79,408.67,211501056,211075072,49794000,47.49,3264340
1756128052784,2019.50,409.29,211501056,211075072,50147640,47.82,3265678
1756128052886,2019.74,409.41,211501056,211075072,50149488,47.83,3265678
1756128052987,2023.50,410.15,211517440,211075072,50502160,48.16,3267016
1756128053088,2023.80,410.33,211517440,211075072,50504008,48.16,3267016
1756128053190,2024.09,410.48,211517440,211075072,50505832,48.17,3267016
1756128053291,2027.34,411.06,211517440,211075072,50858376,48.50,3268354
1756128053392,2027.59,411.19,211517440,211075072,50860224,48.50,3268354
1756128053493,2031.41,411.84,211533824,211075072,51212936,48.84,3277884
1756128053594,2031.71,411.98,209797120,211075072,51214784,48.84,3277884
1756128053696,2032.04,412.15,209797120,211075072,51216608,48.84,3277884
1756128053797,2035.75,412.73,209797120,211075072,51569160,49.18,3279222
1756128053897,2036.05,412.87,209797120,211075072,51571008,49.18,3279222
1756128053998,2037.81,413.14,209829888,211075072,51923528,49.52,3280560
1756128054100,2038.04,413.26,209829888,211075072,51925376,49.52,3280560
1756128054199,2038.34,413.44,209829888,211075072,51927200,49.52,3280560
1756128054300,2042.07,414.11,209829888,211075072,52279736,49.86,3281898
1756128054401,2042.35,414.25,209829888,211075072,52281584,49.86,3281898
1756128054503,2045.93,414.80,209207296,211075072,52634344,50.20,3291428
1756128054603,2046.25,414.95,209207296,211075072,52636192,50.20,3291428
1756128054704,2046.55,415.09,209125376,211075072,52638016,50.20,3291428
1756128054804,2049.08,415.48,207126528,211075072,52990664,50.54,3292766
1756128054906,2049.28,415.57,207126528,211075072,52992512,50.54,3292766
1756128055007,2049.58,415.70,204095488,211075072,52994336,50.54,3292766
1756128055109,2053.03,416.66,203489280,211075072,53346752,50.88,3294104
1756128055209,2053.34,416.82,203489280,211075072,53348600,50.88,3294104
1756128055311,2056.80,417.35,203489280,211075072,53721736,51.23,3295442
1756128055412,2057.09,417.48,203489280,211075072,53723584,51.23,3295442
1756128055514,2061.97,419.57,202014720,211075072,54081424,51.58,3304972
1756128055614,2062.33,420.89,202014720,211075072,54083328,51.58,3304972
1756128055715,2062.60,421.04,202014720,211075072,54085152,51.58,3304972
1756128055817,2066.11,421.77,202014720,211075072,54441232,51.92,3306310
1756128055917,2066.34,421.90,201850880,211075072,54443080,51.92,3306310
1756128056019,2070.94,422.55,201850880,211075072,54806328,52.27,3307648
1756128056119,2071.17,422.66,201850880,211075072,54808176,52.27,3307648
1756128056220,2071.46,422.79,201850880,211075072,54810000,52.27,3307648
1756128056321,2075.33,423.26,201850880,211075072,55169856,52.61,3308986
1756128056422,2075.62,423.40,201850880,211075072,55171704,52.62,3308986
1756128056523,2078.86,423.81,201850880,211075072,55524384,52.95,3318516
1756128056624,2079.07,423.91,201850880,211075072,55526232,52.95,3318516
1756128056725,2079.35,424.05,201850880,211075072,55528056,52.96,3318516
1756128056826,2083.01,424.59,201850880,211075072,55880544,53.29,3319854
1756128056928,2083.32,424.74,201850880,211075072,55882392,53.29,3319854
1756128057029,2086.68,425.19,201834496,211075072,56234896,53.63,3321192
1756128057131,2087.00,425.35,201441280,211075072,56236744,53.63,3321192
1756128057232,2090.34,426.13,201162752,211075072,56412840,53.80,3321863
1756128057333,2091.55,426.42,201162752,211075072,56589560,53.97,3322530
1756128057434,2091.83,426.53,201162752,211075072,56591408,53.97,3322530
1756128057536,2096.38,427.16,201162752,211075072,56952128,54.31,3332060
1756128057636,2096.66,427.30,201162752,211075072,56953976,54.32,3332060
1756128057736,2099.35,427.65,201162752,211075072,57134560,54.49,3332731
1756128057837,2100.94,428.06,199671808,211075072,57311232,54.66,3333398
1756128057938,2101.20,428.20,198656000,211075072,57313080,54.66,3333398
1756128058039,2105.42,428.68,198656000,211075072,57670368,55.00,3334736
1756128058141,2105.60,428.77,198656000,211075072,57672216,55.00,3334736
1756128058241,2108.88,429.37,198656000,211075072,58024624,55.34,3336074
1756128058342,2109.12,429.61,198656000,211075072,58026472,55.34,3336074
1756128058444,2109.31,429.69,198656000,211075072,58028296,55.34,3336074
1756128058544,2112.43,430.14,198656000,211075072,58381000,55.68,3345604
1756128058645,2112.72,430.30,198623232,211075072,58382848,55.68,3345604
1756128058746,2115.51,430.82,198574080,211075072,58735304,56.01,3346942
1756128058846,2115.73,430.94,198574080,211075072,58737152,56.02,3346942
1756128058947,2115.94,431.02,198574080,211075072,58738976,56.02,3346942
1756128059049,2119.04,431.43,198574080,211075072,59099640,56.36,3348280
1756128059149,2119.30,431.55,198574080,211075072,59101488,56.36,3348280
1756128059249,2121.86,432.00,198574080,211075072,59453952,56.70,3349618
1756128059350,2122.02,432.13,198574080,211075072,59455800,56.70,3349618
1756128059451,2122.22,432.22,198574080,211075072,59457624,56.70,3349618
1756128059552,2126.22,432.75,198574080,211075072,59811656,57.04,3359148
1756128059654,2126.51,432.86,198574080,211075072,59813504,57.04,3359148
1756128059754,2129.92,433.47,198492160,211075072,60167088,57.38,3360486
1756128059854,2130.14,433.58,198492160,211075072,60168936,57.38,3360486
1756128059955,2130.42,433.85,198164480,211075072,60170760,57.38,3360486
1756128060056,2133.72,434.75,197607424,211075072,60523248,57.72,3361824
1756128060157,2133.92,434.90,196739072,211075072,60525096,57.72,3361824
1756128060258,2136.91,436.01,196739072,211075072,60877544,58.06,3363162
1756128060359,2137.19,436.18,196739072,211075072,60879392,58.06,3363162
1756128060460,2137.52,436.35,196739072,211075072,60881216,58.06,3363162
1756128060561,2143.56,437.38,195362816,211075072,61237360,58.40,3372692
1756128060662,2143.70,437.46,195362816,211075072,61239208,58.40,3372692
1756128060763,2146.49,438.11,194592768,211075072,61596544,58.74,3374030
1756128060864,2146.70,438.23,192397312,211075072,61598392,58.74,3374030
1756128060965,2146.91,438.32,191479808,211075072,61600216,58.75,3374030
1756128061066,2150.67,438.95,179961856,211075072,61953736,59.08,3375368
1756128061167,2150.99,439.09,179961856,211075072,61955584,59.09,3375368
1756128061268,2154.84,439.87,180060160,211075072,62311128,59.42,3376706
1756128061369,2155.12,439.99,167673856,211075072,62312976,59.43,3376706
1756128061470,2155.44,440.14,166985728,211075072,62314800,59.43,3376706
1756128061571,2159.31,440.94,165789696,211075072,62668560,59.77,3386236
1756128061672,2159.49,441.01,165789696,211075072,62670408,59.77,3386236
1756128061773,2162.74,441.64,165953536,211075072,63026160,60.11,3387574
1756128061874,2162.96,441.75,165953536,211075072,63028008,60.11,3387574
1756128061975,2163.24,441.89,165953536,211075072,63029832,60.11,3387574
1756128062077,2166.58,442.49,165986304,211075072,63382704,60.45,3388912
1756128062177,2166.88,442.65,165986304,211075072,63384552,60.45,3388912
1756128062278,2170.64,443.35,140066816,211075072,63742728,60.79,3390250
1756128062379,2170.83,443.44,140066816,211075072,63744576,60.79,3390250
1756128062481,2171.13,443.57,140066816,211075072,63746400,60.79,3390250
1756128062581,2175.72,444.37,137084928,211075072,64104640,61.13,3399780
1756128062683,2176.20,444.52,137084928,211075072,64106488,61.14,3399780
1756128062783,2179.61,445.12,123518976,211075072,64458896,61.47,3401118
1756128062884,2179.86,445.29,123125760,211075072,64460744,61.47,3401118
1756128062983,2180.18,445.47,123125760,211075072,64462568,61.48,3401118
1756128063084,2183.26,446.17,123043840,211075072,64815000,61.81,3402456
1756128063185,2183.56,446.43,122437632,211075072,64816848,61.81,3402456
1756128063286,2186.70,447.17,122732544,211075072,65169320,62.15,3403794
1756128063387,2186.90,447.29,122732544,211075072,65171168,62.15,3403794
1756128063489,2187.03,447.37,122732544,211075072,65172992,62.15,3403794
1756128063589,2190.99,448.24,123338752,211075072,65532592,62.50,3413324
1756128063690,2191.29,448.42,123371520,211075072,65534608,62.50,3413324
1756128063791,2194.54,449.25,123764736,211075072,65887024,62.83,3414662
1756128063892,2194.81,449.39,123764736,211075072,65888872,62.84,3414662
1756128063993,2194.98,449.47,123797504,211075072,65890696,62.84,3414662
1756128064095,2197.71,450.10,124157952,211075072,66244272,63.18,3416000
1756128064195,2198.01,450.26,124157952,211075072,66246120,63.18,3416000
1756128064295,2201.15,451.01,124518400,211075072,66599680,63.51,3417338
1756128064396,2201.45,451.23,124534784,211075072,66601528,63.52,3417338
1756128064497,2201.73,451.44,124534784,211075072,66603352,63.52,3417338
1756128064598,2208.46,452.45,125108224,211075072,66962128,63.86,3426868
1756128064699,2208.71,452.58,125108224,211075072,66963976,63.86,3426868
1756128064801,2212.15,453.49,125468672,211075072,67306824,64.19,3428206
1756128064901,2212.40,453.68,125501440,211075072,67308672,64.19,3428206
1756128065002,2212.69,453.82,125501440,211075072,67310496,64.19,3428206
1756128065103,2216.22,454.48,125714432,211075072,67653160,64.52,3429544
1756128065204,2216.44,454.59,125714432,211075072,67655008,64.52,3429544
1756128065306,2219.47,455.29,125829120,211075072,67997696,64.85,3430882
1756128065406,2219.74,455.42,125829120,211075072,67999544,64.85,3430882
1756128065507,2220.00,455.55,125829120,211075072,68001368,64.85,3430882
1756128065608,2223.15,456.42,126173184,211075072,68344472,65.18,3440412
1756128065709,2223.46,456.55,126173184,211075072,68346320,65.18,3440412
1756128065810,2227.16,457.34,126517248,211075072,68689176,65.51,3441750
1756128065911,2227.49,457.55,126566400,211075072,68691024,65.51,3441750
1756128066012,2227.72,457.66,125075456,211075072,68692848,65.51,3441750
1756128066114,2232.70,461.61,132136960,211075072,69082696,65.88,3443088
1756128066214,2232.96,461.73,132136960,211075072,69084544,65.88,3443088
1756128066315,2235.91,462.45,132251648,211075072,69427928,66.21,3444426
1756128066416,2236.20,462.66,132268032,211075072,69429776,66.21,3444426
1756128066517,2236.51,462.82,132268032,211075072,69431600,66.22,3444426
1756128066618,2240.24,463.65,132530176,211075072,69775624,66.54,3453956
1756128066719,2240.54,463.80,132530176,211075072,69777472,66.54,3453956
1756128066820,2243.61,464.42,132710400,211075072,70120184,66.87,3455294
1756128066921,2243.93,464.55,132710400,211075072,70122032,66.87,3455294
1756128067022,2244.19,464.68,132710400,211075072,70123856,66.88,3455294
1756128067123,2248.45,465.65,132988928,211075072,70471368,67.21,3456632
1756128067224,2248.75,465.80,132988928,211075072,70473216,67.21,3456632
1756128067326,2252.32,466.74,133316608,211075072,70816080,67.54,3457970
1756128067426,2252.57,466.86,133316608,211075072,70817928,67.54,3457970
1756128067527,2252.87,467.00,133316608,211075072,70819752,67.54,3457970
1756128067629,2270.72,468.93,135839744,211075072,71194736,67.90,3467500
1756128067730,2270.85,469.02,135856128,211075072,71196584,67.90,3467500
1756128067831,2274.18,469.67,136019968,211075072,71539416,68.23,3468838
1756128067932,2274.46,469.81,136019968,211075072,71541264,68.23,3468838
1756128068032,2274.69,469.92,136019968,211075072,71543088,68.23,3468838
1756128068133,2277.96,470.58,136118272,211075072,71886480,68.56,3470176
1756128068234,2278.27,470.73,136118272,211075072,71888328,68.56,3470176
1756128068335,2281.69,471.56,136249344,211075072,72232248,68.89,3471514
1756128068435,2281.97,471.71,136249344,211075072,72234096,68.89,3471514
1756128068536,2282.24,471.86,136249344,211075072,72235920,68.89,3471514
1756128068637,2290.45,472.89,136822784,211075072,72587816,69.23,3481044
1756128068737,2290.71,473.07,136822784,211075072,72589664,69.23,3481044
1756128068837,2293.84,473.82,137183232,211075072,72932480,69.55,3482382
1756128068939,2294.09,473.92,137183232,211075072,72934328,69.56,3482382
1756128069039,2294.22,474.00,137183232,211075072,72936152,69.56,3482382
1756128069140,2297.61,474.81,137281536,211075072,73278984,69.88,3483720
1756128069241,2298.02,475.07,137281536,211075072,73280832,69.89,3483720
1756128069342,2301.31,475.71,137461760,211075072,73623672,70.21,3485058
1756128069443,2301.55,475.86,137330688,211075072,73625520,70.21,3485058
1756128069544,2301.74,476.01,136937472,211075072,73627344,70.22,3485058
1756128069645,2304.59,476.62,137297920,211075072,73970568,70.54,3494588
1756128069747,2304.86,476.76,137297920,211075072,73972416,70.55,3494588
1756128069848,2306.92,477.39,131121152,211075072,74315704,70.87,3495926
1756128069950,2307.07,477.51,85803008,211075072,74317552,70.87,3495926
1756128070050,2307.33,477.64,85622784,211075072,74319368,70.88,3495926
1756128070150,2310.79,478.59,86065152,211075072,74663264,71.20,3497264
1756128070251,2311.04,478.83,86097920,211075072,74665104,71.21,3497264
1756128070352,2315.55,480.90,88506368,211075072,75172328,71.69,3498602
1756128070453,2315.78,481.04,88424448,211075072,75174168,71.69,3498602
1756128070555,2316.05,481.16,88424448,211075072,75175984,71.69,3498602
1756128070655,2319.30,481.98,88834048,211075072,75519480,72.02,3508132
1756128070756,2319.58,482.17,88850432,211075072,75521320,72.02,3508132
1756128070857,2322.59,482.88,89243648,211075072,75864744,72.35,3509470
1756128070958,2322.87,483.04,89243648,211075072,75866584,72.35,3509470
1756128071059,2323.16,483.20,89260032,211075072,75868400,72.35,3509470
1756128071160,2326.40,483.87,89636864,211075072,76212304,72.68,3510808
1756128071262,2326.68,484.07,89702400,211075072,76214144,72.68,3510808
1756128071364,2327.77,484.42,90243072,211075072,76557400,73.01,3512146
1756128071465,2327.88,484.49,90275840,211075072,76559240,73.01,3512146
1756128071566,2328.03,484.55,89587712,211075072,76561056,73.01,3512146
1756128071667,2329.27,484.86,90193920,211075072,76904128,73.34,3521676
1756128071768,2329.55,485.01,90210304,211075072,76906136,73.34,3521676
1756128071868,2332.43,485.76,90636288,211075072,77248952,73.67,3523014
1756128071969,2332.64,485.88,90636288,211075072,77250792,73.67,3523014
1756128072073,2334.87,486.52,90882048,211075072,77423984,73.84,3523685
1756128072174,2336.76,487.13,91111424,211075072,77595432,74.00,3524352
1756128072275,2337.04,487.30,91127808,211075072,77597272,74.00,3524352
1756128072376,2340.51,488.16,91504640,211075072,77940544,74.33,3525690
1756128072477,2340.77,488.31,91537408,211075072,77942384,74.33,3525690
1756128072577,2342.75,488.91,91963392,211075072,78285888,74.66,3535220
1756128072678,2342.90,489.01,92045312,211075072,78288272,74.66,3535220
1756128072780,2343.07,489.07,92045312,211075072,78290088,74.66,3535220
1756128072880,2345.46,489.82,92520448,211075072,78632888,74.99,3536558
1756128072981,2345.56,489.87,92143616,211075072,78634728,74.99,3536558
1756128073082,2345.66,490.01,91734016,211075072,78636544,74.99,3536558
1756128073183,2348.47,492.18,83902464,211075072,78979936,75.32,3537896
1756128073284,2348.64,492.35,83853312,211075072,78981776,75.32,3537896
1756128073386,2351.89,493.07,84344832,211075072,79325168,75.65,3539234
1756128073487,2352.17,493.23,84361216,211075072,79327008,75.65,3539234
1756128073588,2352.46,493.37,84017152,211075072,79328824,75.65,3539234
1756128073689,2356.44,494.40,84639744,211075072,79672440,75.98,3548764
1756128073790,2356.66,494.51,84230144,211075072,79674280,75.98,3548764
1756128073891,2359.53,495.17,76677120,211075072,80017080,76.31,3550102
1756128073992,2359.68,495.25,76120064,211075072,80018920,76.31,3550102
1756128074093,2359.82,495.33,75513856,211075072,80020736,76.31,3550102
1756128074194,2364.36,496.25,72368128,211075072,80363576,76.64,3551440
1756128074294,2364.57,496.41,71204864,211075072,80365416,76.64,3551440
1756128074395,2366.34,496.92,71794688,211075072,80708232,76.97,3552778
1756128074497,2366.54,497.02,71286784,211075072,80710072,76.97,3552778
1756128074597,2366.79,497.13,71172096,211075072,80711888,76.97,3552778
1756128074698,2368.97,497.74,71761920,211075072,81061040,77.31,3562308
1756128074799,2369.14,497.89,71827456,211075072,81062880,77.31,3562308
1756128074900,2373.31,498.93,72384512,211075072,81405696,77.63,3563646
1756128075000,2373.57,499.05,72384512,211075072,81407536,77.64,3563646
1756128075102,2373.84,499.18,72384512,211075072,81409352,77.64,3563646
1756128075202,2378.19,500.41,73039872,211075072,81752216,77.96,3564984
1756128075303,2378.37,500.50,73056256,211075072,81754056,77.97,3564984
1756128075405,2381.47,501.09,73515008,211075072,82097504,78.29,3566322
1756128075506,2381.74,501.47,68452352,211075072,82099344,78.30,3566322
1756128075608,2381.84,501.52,68485120,211075072,82101160,78.30,3566322
1756128075709,2383.20,501.84,68993024,211075072,82444896,78.63,3575852
1756128075810,2383.38,501.92,68993024,211075072,82446736,78.63,3575852
1756128075911,2385.17,502.37,69500928,211075072,82789552,78.95,3577190
1756128076012,2385.43,502.53,69533696,211075072,82791392,78.96,3577190
1756128076113,2387.86,503.11,69812224,211075072,82964544,79.12,3577861
1756128076214,2389.73,503.57,70025216,211075072,83135968,79.28,3578528
1756128076315,2390.00,503.74,70025216,211075072,83137808,79.29,3578528
1756128076416,2393.09,504.54,70451200,211075072,83481184,79.61,3579866
1756128076517,2393.26,504.61,70451200,211075072,83483024,79.62,3579866
1756128076618,2394.28,504.89,70713344,211075072,83656248,79.78,3580537
1756128076718,2394.93,505.08,70959104,211075072,83828448,79.95,3589396
1756128076819,2395.06,505.15,70975488,211075072,83830288,79.95,3589396
1756128076920,2400.45,506.42,72286208,211075072,84178032,80.28,3590734
1756128077021,2400.63,506.51,72286208,211075072,84179872,80.28,3590734
1756128077122,2402.72,507.11,72531968,211075072,84353080,80.45,3591405
1756128077222,2404.64,507.78,72712192,211075072,84524584,80.61,3592072
1756128077322,2404.86,507.94,72712192,211075072,84526424,80.61,3592072
1756128077423,2406.63,508.43,73351168,211075072,84870472,80.94,3593410
1756128077524,2406.84,508.53,73367552,211075072,84872312,80.94,3593410
1756128077624,2408.14,508.76,73547776,211075072,85045544,81.11,3594081
1756128077725,2409.40,509.12,73760768,211075072,85217760,81.27,3602940
1756128077826,2409.67,509.27,73760768,211075072,85219600,81.27,3602940
1756128077927,2413.11,510.17,74137600,211075072,85562952,81.60,3604278
1756128078027,2413.39,510.34,74170368,211075072,85564792,81.60,3604278
1756128078127,2414.76,510.65,74383360,211075072,85738000,81.77,3604949
1756128078228,2415.91,510.94,74612736,211075072,85909408,81.93,3605616
1756128078330,2416.13,511.06,74645504,211075072,85911248,81.93,3605616
1756128078430,2419.55,512.05,75186176,211075072,86254056,82.26,3606954
1756128078531,2419.81,512.22,75202560,211075072,86255896,82.26,3606954
1756128078633,2424.49,515.47,76021760,211075072,86599544,82.59,3616484
1756128078734,2425.23,516.35,76169216,211075072,86603248,82.59,3616484
1756128078835,2425.37,516.42,76169216,211075072,86605064,82.59,3616484
1756128078936,2426.39,516.68,76627968,211075072,86947888,82.92,3617822
1756128079036,2426.51,516.76,76677120,211075072,86949728,82.92,3617822
1756128079137,2430.40,517.59,77185024,211075072,87292528,83.25,3619160
1756128079236,2430.64,517.71,77185024,211075072,87294368,83.25,3619160
1756128079338,2430.94,517.88,77185024,211075072,87296184,83.25,3619160
1756128079439,2432.64,518.27,77709312,211075072,87639760,83.58,3620498
1756128079539,2432.81,518.37,77742080,211075072,87641600,83.58,3620498
1756128079640,2435.69,519.17,78151680,211075072,87985568,83.91,3630028
1756128079741,2435.90,519.34,78168064,211075072,87987408,83.91,3630028
1756128079842,2436.30,519.56,78184448,211075072,87989392,83.91,3630028
1756128079944,2439.32,520.64,78594048,211075072,88332200,84.24,3631366
1756128080045,2439.59,520.79,78594048,211075072,88334040,84.24,3631366
1756128080147,2443.71,521.79,79069184,211075072,88677384,84.57,3632704
1756128080247,2443.95,521.92,79069184,211075072,88679224,84.57,3632704
1756128080348,2444.14,522.06,79101952,211075072,88681040,84.57,3632704
1756128080449,2447.43,522.93,75759616,211075072,89023888,84.90,3634042
1756128080550,2447.64,523.06,75776000,211075072,89025728,84.90,3634042
1756128080651,2450.61,523.82,76169216,211075072,89368648,85.23,3643572
1756128080753,2450.86,523.93,76169216,211075072,89370488,85.23,3643572
1756128080853,2451.07,524.06,76169216,211075072,89372304,85.23,3643572
1756128080954,2452.94,524.47,76578816,211075072,89715240,85.56,3644910
1756128081056,2453.21,524.59,76578816,211075072,89717080,85.56,3644910
1756128081157,2456.45,525.39,76972032,211075072,90060304,85.89,3646248
1756128081258,2456.70,525.53,76972032,211075072,90062144,85.89,3646248
1756128081359,2456.94,525.64,76972032,211075072,90063960,85.89,3646248
1756128081460,2458.87,526.10,77348864,211075072,90407208,86.22,3647586
1756128081562,2459.13,526.25,77348864,211075072,90409048,86.22,3647586
1756128081663,2465.55,527.42,78282752,211075072,90754944,86.55,3657116
1756128081763,2465.74,527.54,78282752,211075072,90756784,86.55,3657116
1756128081864,2465.88,527.63,78282752,211075072,90758600,86.55,3657116
1756128081965,2468.85,528.41,78692352,211075072,91099040,86.88,3658454
1756128082066,2469.07,528.54,78299136,211075072,91100880,86.88,3658454
1756128082167,2471.22,529.00,78643200,211075072,91441256,87.21,3659792
1756128082268,2471.39,529.12,78643200,211075072,91443096,87.21,3659792
1756128082369,2471.66,529.31,78643200,211075072,91444912,87.21,3659792
1756128082470,2475.26,530.35,79003648,211075072,91785408,87.53,3661130
1756128082571,2475.56,530.50,79003648,211075072,91787248,87.54,3661130
1756128082672,2479.07,531.53,79380480,211075072,92127896,87.86,3670660
1756128082773,2479.36,531.70,79380480,211075072,92129736,87.86,3670660
1756128082874,2479.66,531.88,79380480,211075072,92131552,87.86,3670660
1756128082975,2482.92,532.69,79839232,211075072,92472488,88.19,3671998
1756128083076,2483.03,532.75,79839232,211075072,92474328,88.19,3671998
1756128083177,2483.96,533.01,80265216,211075072,92814624,88.51,3673336
1756128083278,2484.06,533.08,80281600,211075072,92816464,88.52,3673336
1756128083378,2484.22,533.33,77627392,211075072,92818280,88.52,3673336
1756128083484,2485.93,537.09,74006528,211075072,92990232,88.68,3674007
1756128083586,2486.95,537.50,74170368,211075072,93160480,88.84,3674674
1756128083687,2489.48,538.41,74661888,211075072,93501240,89.17,3684204
1756128083788,2489.73,538.58,74547200,211075072,93503080,89.17,3684204
1756128083889,2489.93,538.71,74399744,211075072,93504896,89.17,3684204
1756128083989,2491.25,539.46,74694656,211075072,93846400,89.50,3685542
1756128084090,2491.39,539.54,74711040,211075072,93848240,89.50,3685542
1756128084192,2494.54,540.34,74170368,211075072,94188608,89.83,3686880
1756128084291,2494.86,540.57,74203136,211075072,94190448,89.83,3686880
1756128084393,2495.18,540.76,74219520,211075072,94192264,89.83,3686880
1756128084494,2498.44,541.71,74727424,211075072,94532680,90.15,3688218
1756128084595,2498.77,541.88,74727424,211075072,94534520,90.16,3688218
1756128084696,2502.18,542.85,75350016,211075072,94875840,90.48,3697748
1756128084798,2502.45,543.01,75366400,211075072,94877680,90.48,3697748
1756128084899,2502.74,543.22,75382784,211075072,94879496,90.48,3697748
1756128085000,2507.07,544.33,75890688,211075072,95220472,90.81,3699086
1756128085101,2507.30,544.47,75890688,211075072,95222312,90.81,3699086
1756128085203,2511.30,545.38,76513280,211075072,95564656,91.14,3700424
1756128085304,2511.60,545.53,76513280,211075072,95566496,91.14,3700424
1756128085406,2511.88,545.69,76513280,211075072,95568312,91.14,3700424
1756128085507,2515.50,546.64,76988416,211075072,95909832,91.47,3701762
1756128085608,2515.78,546.76,76988416,211075072,95911672,91.47,3701762
1756128085709,2518.45,547.52,77414400,211075072,96252784,91.79,3711292
1756128085810,2518.68,547.68,77447168,211075072,96254624,91.80,3711292
1756128085911,2518.91,547.81,77447168,211075072,96256440,91.80,3711292
1756128086012,2521.89,548.60,77971456,211075072,96596840,92.12,3712630
1756128086113,2522.16,548.75,77987840,211075072,96598680,92.12,3712630
1756128086214,2525.66,549.54,78430208,211075072,96939152,92.45,3713968
1756128086316,2525.94,549.68,78430208,211075072,96940992,92.45,3713968
1756128086417,2528.22,550.33,78692352,211075072,97112960,92.61,3714639
1756128086518,2529.44,550.81,78905344,211075072,97283048,92.78,3715306
1756128086619,2529.70,551.00,78921728,211075072,97284888,92.78,3715306
1756128086719,2532.75,551.74,79314944,211075072,97625600,93.10,3724836
1756128086821,2533.06,551.91,79314944,211075072,97627440,93.10,3724836
1756128086921,2535.87,552.55,79659008,211075072,97967912,93.43,3726174
1756128087021,2536.11,552.73,79675392,211075072,97969752,93.43,3726174
1756128087122,2536.45,552.91,79675392,211075072,97971568,93.43,3726174
1756128087223,2538.92,553.47,80052224,211075072,98312448,93.76,3727512
1756128087324,2539.14,553.60,80068608,211075072,98314288,93.76,3727512
1756128087427,2541.25,558.04,89620480,211075072,98527792,93.96,3728183
1756128087528,2542.94,560.97,97222656,211075072,98738912,94.16,3728850
1756128087629,2543.18,561.13,97222656,211075072,98740752,94.17,3728850
1756128087730,2546.45,561.86,97697792,211075072,99081672,94.49,3738380
1756128087831,2546.74,562.02,97697792,211075072,99083512,94.49,3738380
1756128087932,2550.09,562.75,98074624,211075072,99423976,94.82,3739718
1756128088033,2550.32,562.88,98074624,211075072,99425816,94.82,3739718
1756128088134,2550.61,563.04,98074624,211075072,99427632,94.82,3739718
1756128088235,2553.76,563.77,98467840,211075072,99768112,95.15,3741056
1756128088337,2554.04,563.95,98484224,211075072,99769952,95.15,3741056
1756128088438,2557.16,564.65,98844672,211075072,100110880,95.47,3742394
1756128088538,2557.41,564.76,98844672,211075072,100112728,95.47,3742394
1756128088639,2557.68,564.90,98844672,211075072,100114552,95.48,3742394
1756128088740,2560.87,565.71,99270656,211075072,100455616,95.80,3751924
1756128088841,2561.28,566.04,99287040,211075072,100457464,95.80,3751924
1756128088942,2562.61,566.38,99680256,211075072,100798336,96.13,3753262
1756128089043,2562.75,566.46,99680256,211075072,100800184,96.13,3753262
1756128089144,2563.00,566.62,99680256,211075072,100802008,96.13,3753262
1756128089245,2582.80,613.09,132612096,211075072,52413728,49.99,3754600
1756128089346,2583.04,613.23,132612096,211075072,52415576,49.99,3754600
1756128089447,2586.18,614.04,132988928,211075072,52755864,50.31,3234576
1756128089548,2586.44,614.14,132988928,211075072,52757712,50.31,3234576
1756128089649,2586.74,614.30,132988928,211075072,52759536,50.32,3234576
1756128089750,2590.01,615.08,133414912,211075072,53100184,50.64,3244106
1756128089851,2590.33,615.32,133414912,211075072,53102032,50.64,3244106
1756128089952,2593.66,616.08,133742592,211075072,53442464,50.97,3245444
1756128090053,2593.92,616.22,133742592,211075072,53444312,50.97,3245444
1756128090155,2594.17,616.35,133742592,211075072,53446136,50.97,3245444
1756128090257,2599.02,617.34,134184960,211075072,53787840,51.30,3246782
1756128090357,2599.30,617.50,134184960,211075072,53789688,51.30,3246782
1756128090457,2602.47,618.15,134529024,211075072,54130104,51.62,3248120
1756128090558,2602.78,618.31,134529024,211075072,54131952,51.62,3248120
1756128090659,2603.07,618.48,134529024,211075072,54133776,51.63,3248120
1756128090760,2605.44,619.17,134905856,211075072,54474864,51.95,3257650
1756128090861,2605.74,619.28,134905856,211075072,54476712,51.95,3257650
1756128090962,2610.01,622.12,135348224,211075072,54818280,52.28,3258988
1756128091061,2610.26,622.27,135348224,211075072,54820128,52.28,3258988
1756128091162,2610.55,622.44,135348224,211075072,54821952,52.28,3258988
1756128091263,2613.42,623.09,135675904,211075072,55162232,52.61,3260326
1756128091364,2613.68,623.27,135643136,211075072,55164080,52.61,3260326
1756128091465,2617.31,624.15,135970816,211075072,55504536,52.93,3261664
1756128091566,2617.59,624.29,135970816,211075072,55506384,52.94,3261664
1756128091668,2617.88,624.47,135970816,211075072,55508208,52.94,3261664
1756128091768,2621.44,625.44,136364032,211075072,55848936,53.26,3271194
1756128091869,2621.74,625.61,136364032,211075072,55850784,53.26,3271194
1756128091970,2625.20,626.50,136675328,211075072,56198704,53.60,3272532
1756128092072,2625.41,626.62,136675328,211075072,56200552,53.60,3272532
1756128092172,2625.72,626.78,136675328,211075072,56202376,53.60,3272532
1756128092272,2629.37,627.66,137052160,211075072,56543232,53.92,3273870
1756128092373,2629.63,627.81,137052160,211075072,56545080,53.93,3273870
1756128092474,2633.69,628.91,137396224,211075072,56888056,54.25,3275208
1756128092576,2633.97,629.07,137396224,211075072,56889904,54.25,3275208
1756128092676,2634.26,629.22,137396224,211075072,56891728,54.26,3275208
1756128092777,2638.23,630.08,137756672,211075072,57232672,54.58,3284738
1756128092879,2638.57,630.27,137756672,211075072,57234520,54.58,3284738
1756128092980,2642.49,631.36,138117120,211075072,57576080,54.91,3286076
1756128093081,2642.78,631.53,138117120,211075072,57577928,54.91,3286076
1756128093182,2643.02,631.69,138117120,211075072,57579752,54.91,3286076
1756128093283,2646.17,632.31,138461184,211075072,57920160,55.24,3287414
1756128093384,2646.33,632.39,138461184,211075072,57922008,55.24,3287414
1756128093485,2650.06,633.26,138838016,211075072,58262384,55.56,3288752
1756128093586,2650.34,633.45,138854400,211075072,58264232,55.57,3288752
1756128093686,2650.64,633.62,138854400,211075072,58266056,55.57,3288752
1756128093787,2654.43,634.40,139198464,211075072,58606720,55.89,3298282
1756128093888,2654.71,634.55,139198464,211075072,58608568,55.89,3298282
1756128093989,2656.32,634.90,139542528,211075072,58949408,56.22,3299620
1756128094090,2656.47,634.98,139542528,211075072,58951256,56.22,3299620
1756128094191,2656.74,635.20,139558912,211075072,58953080,56.22,3299620
1756128094292,2660.80,636.33,139902976,211075072,59294688,56.55,3300958
1756128094393,2661.10,636.47,139902976,211075072,59296536,56.55,3300958
1756128094494,2662.31,636.85,140230656,211075072,59636816,56.87,3302296
1756128094595,2662.36,636.88,140230656,211075072,59638664,56.88,3302296
1756128094696,2662.40,636.90,140230656,211075072,59640488,56.88,3302296
1756128094797,2663.20,637.13,140541952,211075072,59981144,57.20,3311826
1756128094898,2663.24,637.17,140558336,211075072,59982992,57.20,3311826
1756128094999,2663.93,637.34,140886016,211075072,60323912,57.53,3313164
1756128095100,2663.98,637.37,140886016,211075072,60325760,57.53,3313164
1756128095201,2664.02,637.40,140886016,211075072,60327584,57.53,3313164
1756128095302,2664.77,637.56,141230080,211075072,60669104,57.86,3314502
1756128095403,2664.87,637.60,141230080,211075072,60670952,57.86,3314502
1756128095504,2666.23,637.90,141541376,211075072,61012448,58.19,3315840
1756128095605,2666.35,637.95,141541376,211075072,61014296,58.19,3315840
1756128095706,2666.59,638.11,141541376,211075072,61016120,58.19,3315840
1756128095807,2669.67,639.01,141852672,211075072,61357264,58.51,3325370
1756128095907,2669.98,639.19,141475840,211075072,61359112,58.52,3325370
1756128096008,2674.75,640.08,141934592,211075072,61702304,58.84,3326708
1756128096109,2675.03,640.24,141934592,211075072,61704320,58.85,3326708
1756128096210,2675.28,640.37,141934592,211075072,61706144,58.85,3326708
1756128096311,2678.99,641.29,142245888,211075072,62046552,59.17,3328046
1756128096412,2679.27,641.47,142262272,211075072,62048400,59.17,3328046
1756128096513,2682.93,642.21,142589952,211075072,62389456,59.50,3329384
1756128096614,2683.20,642.36,142589952,211075072,62391304,59.50,3329384
1756128096715,2683.44,642.49,142589952,211075072,62393128,59.50,3329384
1756128096816,2690.12,643.70,143409152,211075072,62737696,59.83,3338914
1756128096917,2690.39,643.89,143425536,211075072,62739544,59.83,3338914
1756128097018,2693.65,644.70,143802368,211075072,63079664,60.16,3340252
1756128097118,2693.94,644.86,143802368,211075072,63081512,60.16,3340252
1756128097219,2694.21,645.02,143802368,211075072,63083336,60.16,3340252
1756128097321,2697.97,645.81,144113664,211075072,63423392,60.49,3341590
1756128097422,2698.26,645.96,144113664,211075072,63425240,60.49,3341590
1756128097523,2701.64,646.70,144441344,211075072,63765304,60.81,3342928
1756128097624,2701.92,646.85,144441344,211075072,63767152,60.81,3342928
1756128097725,2702.20,647.03,144441344,211075072,63768976,60.81,3342928
1756128097826,2705.74,647.86,144752640,211075072,64109128,61.14,3352458
1756128097927,2706.01,648.01,144752640,211075072,64110976,61.14,3352458
1756128098028,2709.17,648.66,145080320,211075072,64451088,61.47,3353796
1756128098128,2709.46,648.85,145096704,211075072,64452936,61.47,3353796
1756128098229,2709.76,649.03,145096704,211075072,64454760,61.47,3353796
1756128098331,2712.93,649.72,145424384,211075072,64794912,61.79,3355134
1756128098432,2713.22,649.88,145424384,211075072,64796760,61.80,3355134
1756128098533,2717.08,650.92,145358848,211075072,65136688,62.12,3356472
1756128098634,2717.36,651.27,144588800,211075072,65138536,62.12,3356472
1756128098735,2717.64,651.49,144605184,211075072,65140360,62.12,3356472
1756128098836,2721.23,652.45,144949248,211075072,65480680,62.45,3366002
1756128098937,2721.50,652.67,144965632,211075072,65482528,62.45,3366002
1756128099038,2723.20,653.04,145293312,211075072,65823000,62.77,3367340
1756128099139,2723.42,653.17,145293312,211075072,65824848,62.78,3367340
1756128099240,2723.71,653.34,145293312,211075072,65826672,62.78,3367340
1756128099340,2728.33,654.56,145866752,211075072,66175136,63.11,3368678
1756128099441,2728.63,654.73,145866752,211075072,66176984,63.11,3368678
1756128099542,2738.54,656.29,145899520,211075072,66526912,63.45,3370016
1756128099642,2738.84,656.46,145080320,211075072,66528760,63.45,3370016
1756128099743,2739.13,656.61,145080320,211075072,66530584,63.45,3370016
1756128099844,2742.74,657.47,143376384,211075072,66871272,63.77,3379546
1756128099945,2743.03,657.63,143376384,211075072,66873120,63.78,3379546
1756128100046,2745.80,658.29,143736832,211075072,67214280,64.10,3380884
1756128100147,2746.09,658.47,143736832,211075072,67216128,64.10,3380884
1756128100248,2746.34,658.63,143736832,211075072,67217952,64.10,3380884
1756128100349,2750.05,659.43,144031744,211075072,67558456,64.43,3382222
1756128100450,2750.35,659.63,144048128,211075072,67560304,64.43,3382222
1756128100551,2753.75,660.40,144392192,211075072,67900376,64.75,3383560
1756128100652,2754.02,660.55,144392192,211075072,67902224,64.76,3383560
1756128100755,2756.22,661.05,144621568,211075072,68074072,64.92,3384231
1756128100856,2757.49,661.44,144818176,211075072,68244248,65.08,3393090
1756128100957,2757.77,661.59,144818176,211075072,68246096,65.08,3393090
1756128101058,2762.00,662.39,145244160,211075072,68589480,65.41,3394428
1756128101159,2762.28,662.55,145244160,211075072,68591328,65.41,3394428
1756128101260,2765.34,663.29,145588224,211075072,68931808,65.74,3395766
1756128101361,2765.55,663.43,145588224,211075072,68933656,65.74,3395766
1756128101463,2765.84,663.60,145588224,211075072,68935480,65.74,3395766
1756128101565,2769.41,664.39,145948672,211075072,69276600,66.07,3397104
1756128101666,2769.68,664.54,145948672,211075072,69278448,66.07,3397104
1756128101767,2773.67,665.68,146259968,211075072,69619824,66.39,3406634
1756128101867,2773.89,665.84,145358848,211075072,69621672,66.40,3406634
1756128101968,2774.21,666.05,145358848,211075072,69623496,66.40,3406634
1756128102069,2778.67,667.58,145670144,211075072,69963784,66.72,3407972
1756128102169,2779.01,667.84,145686528,211075072,69965632,66.72,3407972
1756128102269,2782.95,668.98,146030592,211075072,70305656,67.05,3409310
1756128102369,2783.13,669.13,146030592,211075072,70307504,67.05,3409310
1756128102470,2783.35,669.25,146030592,211075072,70309328,67.05,3409310
1756128102571,2786.54,669.97,146391040,211075072,70649968,67.38,3410648
1756128102672,2787.39,670.51,146702336,211075072,70672280,67.40,3410652
1756128102773,2790.95,671.29,146620416,211075072,71013688,67.72,3420182
1756128102874,2791.18,671.46,146636800,211075072,71015536,67.73,3420182
1756128102975,2791.46,671.60,146636800,211075072,71017360,67.73,3420182
1756128103076,2794.85,672.36,147013632,211075072,71357856,68.05,3421520
1756128103177,2795.12,672.51,147013632,211075072,71359704,68.05,3421520
1756128103278,2798.74,673.31,147374080,211075072,71700352,68.38,3422858
1756128103379,2798.96,673.46,147374080,211075072,71702200,68.38,3422858
1756128103480,2799.23,673.64,147374080,211075072,71704024,68.38,3422858
1756128103582,2802.73,674.35,147701760,211075072,72044048,68.71,3424196
1756128103683,2803.02,674.51,147701760,211075072,72045896,68.71,3424196
1756128103784,2806.82,675.45,148062208,211075072,72386400,69.03,3433726
1756128103885,2807.07,675.63,148078592,211075072,72388248,69.03,3433726
1756128103986,2807.26,675.71,148078592,211075072,72390072,69.04,3433726
1756128104087,2810.09,676.35,148406272,211075072,72729984,69.36,3435064
1756128104188,2810.45,676.53,148406272,211075072,72732000,69.36,3435064
1756128104289,2813.80,677.26,148733952,211075072,73072032,69.69,3436402
1756128104390,2814.06,677.42,148733952,211075072,73073880,69.69,3436402
1756128104491,2814.36,677.63,148750336,211075072,73075704,69.69,3436402
1756128104591,2877.12,710.77,222986240,213483520,100909328,96.23,3437073
1756128104691,3013.36,738.21,258932736,218071040,121122112,115.51,3223708
1756128104791,3073.36,748.36,278888448,228212736,117105152,111.68,3233250
1756128104892,3160.54,755.93,306888704,254951424,134513008,128.28,3233238
1756128104993,3160.60,755.99,306888704,254951424,134514880,128.28,3233238
1756128105094,3163.36,756.36,306905088,254951424,134858496,128.61,3234576
1756128105195,3163.63,756.50,306905088,254951424,134860368,128.61,3234576
1756128105296,3163.91,756.66,306905088,254951424,134862216,128.61,3234576
1756128105398,3164.17,756.82,306905088,254951424,134864064,128.62,3234576
1756128105499,3164.47,756.98,306905088,254951424,134865912,128.62,3234576
1756128105601,3164.74,757.14,306905088,254951424,134867760,128.62,3234576
1756128105702,3164.99,757.28,306905088,254951424,134869608,128.62,3234576
1756128105803,3165.21,757.40,306905088,254951424,134871456,128.62,3234576
